date,block_section_or_yard,corridor_block,line,demanded_time_from,demanded_time_to,block_demanded,permitted_time_from,permitted_time_to,block_permitted
2024-06-23,TMV-MTL,MAS-GDR,DN,15:35:00,17:05:00,90,00:00:00,01:30:00,90
2024-06-23,NYP-PYA,MAS-GDR,DN,14:15:00,15:15:00,60,00:00:00,01:00:00,60
2024-06-23,NYP YD,MAS-GDR,DN,14:15:00,15:15:00,60,00:00:00,01:00:00,60
2024-06-23,BBQ-WST,MAS-GDR,DN,13:30:00,15:30:00,120,00:00:00,02:00:00,120
2024-06-23,SPE-PEL,MAS-GDR,DN,14:00:00,14:45:00,45,00:00:00,00:45:00,45
2024-06-23,KVN-GYM,MAS-GDR,DN,13:00:00,15:30:00,150,00:00:00,02:30:00,150
2024-06-23,PEL YD,MAS-GDR,DN,23:22:00,00:23:00,61,00:00:00,01:01:00,61
2024-06-23,ELR YD,MAS-GDR,DN,18:05:00,18:35:00,30,00:00:00,00:30:00,30
2024-06-23,PYA-ODR,MAS-GDR,DN,15:15:00,16:15:00,60,00:00:00,01:00:00,60
2024-06-23,DVR-NYP,MAS-GDR,DN,16:30:00,17:30:00,60,00:00:00,01:00:00,60
2024-06-23,PYA-ODUR,MAS-GDR,DN,17:10:00,18:27:00,77,00:00:00,01:17:00,77
2024-06-23,PON-KVP,MAS-GDR,DN,00:00:00,04:00:00,240,00:00:00,04:00:00,240
2024-06-23,ELR-AKM,MAS-GDR,DN,00:15:00,00:30:00,15,00:15:00,00:30:00,15
2024-06-23,TDK-PUDI,AJJ-RU,DN,00:30:00,02:30:00,120,00:30:00,02:30:00,120
2024-06-23,SPE-TADA,MAS-GDR,DN,01:30:00,05:20:00,230,00:40:00,04:30:00,230
2024-06-23,VPY-WST,MAS-GDR,DN,00:50:00,01:50:00,60,00:50:00,01:50:00,60
2024-06-23,AKM-ELR,MAS-GDR,UP,01:00:00,02:30:00,90,01:00:00,02:30:00,90
2024-06-23,ELR-AKM,MAS-GDR,DN,01:00:00,04:00:00,180,01:00:00,04:00:00,180
2024-06-23,ODR YD,MAS-GDR,UP,09:00:00,10:30:00,90,01:00:00,02:30:00,90
2024-06-23,SPE-PEL,MAS-GDR,DN,01:00:00,04:00:00,180,01:00:00,04:00:00,180
2024-06-23,NYP-DVR,MAS-GDR,UP,09:00:00,10:30:00,90,01:00:00,02:30:00,90
2024-06-23,KOK-TNP,MAS-GDR,DN,01:00:00,01:50:00,50,01:00:00,01:50:00,50
2024-06-23,ODUR-GDR,MAS-GDR,DN,01:00:00,03:30:00,150,01:00:00,03:30:00,150
2024-06-23,PYA-NYP,MAS-GDR,DN,01:00:00,04:10:00,190,01:00:00,04:10:00,190
2024-06-23,BBQ-KOK,MAS-GDR,DN,01:00:00,02:30:00,90,01:00:00,02:30:00,90
2024-06-23,ELR YD,MAS-GDR,DN,01:05:00,02:05:00,60,01:05:00,02:05:00,60
2024-06-23,POI-VGA,AJJ-RU,DN,01:05:00,04:30:00,205,01:05:00,04:30:00,205
2024-06-23,PUT-TDK,AJJ-RU,DN,01:30:00,04:45:00,195,01:15:00,04:30:00,195
2024-06-23,PON-MJR,MAS-GDR,DN,01:15:00,03:50:00,155,01:15:00,03:50:00,155
2024-06-23,NYP-DVR,MAS-GDR,DN,01:20:00,04:20:00,180,01:20:00,04:20:00,180
2024-06-23,ODR-GDR,MAS-GDR,DN,12:00:00,15:00:00,180,01:30:00,04:30:00,180
2024-06-23,KVP YD,MAS-GDR,DN,01:30:00,04:00:00,150,01:30:00,04:00:00,150
2024-06-23,GDR-ODR,MAS-GDR,DN,12:00:00,15:00:00,180,01:30:00,04:30:00,180
2024-06-23,MJR YD,MAS-GDR,DN,01:30:00,04:30:00,180,01:30:00,04:30:00,180
2024-06-23,PUDI YD,AJJ-RU,DN,02:30:00,05:30:00,180,01:30:00,04:30:00,180
2024-06-23,TDK-PDD,AJJ-RU,DN,12:30:00,15:30:00,180,01:30:00,04:30:00,180
2024-06-23,MMK YD,MS-VM,UP,10:45:00,12:15:00,90,01:30:00,03:00:00,90
2024-06-23,KOK-VPY,MAS-GDR,DN,11:00:00,14:00:00,180,01:30:00,04:30:00,180
2024-06-23,GPD-ELR,MAS-GDR,DN,02:00:00,05:00:00,180,01:30:00,04:30:00,180
2024-06-23,TDK-VGA,AJJ-RU,UP,00:50:00,02:20:00,90,01:45:00,03:15:00,90
2024-06-23,PDD-SVF,AJJ-RU,UP,00:20:00,01:25:00,65,01:45:00,02:50:00,65
2024-06-23,PUT-TDK,AJJ-RU,UP,00:00:00,03:00:00,180,01:45:00,04:45:00,180
2024-06-23,SVF-TDK,AJJ-RU,UP,23:30:00,02:00:00,150,01:45:00,04:15:00,150
2024-06-23,AJJN YD,TRL-KPD,DN,23:00:00,02:00:00,180,02:00:00,05:00:00,180
2024-06-23,SHU YD,TRL-KPD,DN,01:00:00,04:00:00,180,02:00:00,05:00:00,180
2024-06-23,KVN YD,TRL-KPD,DN,02:00:00,04:00:00,120,02:00:00,04:00:00,120
2024-06-23,MCN YD,TRL-KPD,DN,01:00:00,03:30:00,150,02:00:00,04:30:00,150
2024-06-23,CTRE-MDVE,TRL-KPD,DN,01:00:00,03:00:00,120,02:00:00,04:00:00,120
2024-06-23,NYP YD,MAS-GDR,DN,02:00:00,04:00:00,120,02:00:00,04:00:00,120
2024-06-23,AJJN-TRT,TRL-KPD,DN,02:00:00,04:00:00,120,02:00:00,04:00:00,120
2024-06-23,AJJ-RU,TRL-KPD,DN,00:55:00,04:15:00,200,02:00:00,05:20:00,200
2024-06-23,AJJ-TRT,TRL-KPD,DN,23:05:00,01:05:00,120,02:00:00,04:00:00,120
2024-06-23,RPM-MSB,MAS-GDR,DN,02:00:00,02:20:00,20,02:00:00,02:20:00,20
2024-06-23,MJR-PON,MAS-GDR,DN,02:00:00,04:00:00,120,02:00:00,04:00:00,120
2024-06-23,ELR YD,MAS-GDR,DN,02:10:00,04:00:00,110,02:10:00,04:00:00,110
2024-06-23,TADA YD,MAS-GDR,DN,02:10:00,04:30:00,140,02:10:00,04:30:00,140
2024-06-23,PDD-RU,AJJ-RU,DN,02:15:00,03:30:00,75,02:15:00,03:30:00,75
2024-06-23,POI-NG,AJJ-RU,UP,11:30:00,14:30:00,180,02:15:00,05:15:00,180
2024-06-23,BBQ-WST,MAS-GDR,DN,10:00:00,12:00:00,120,02:30:00,04:30:00,120
2024-06-23,KVN-GYM,MAS-GDR,DN,12:30:00,14:30:00,120,02:30:00,04:30:00,120
2024-06-23,ODR YD,MAS-GDR,DN,04:30:00,06:30:00,120,02:30:00,04:30:00,120
2024-06-23,PYA-ODUR,MAS-GDR,DN,12:00:00,14:00:00,120,02:30:00,04:30:00,120
2024-06-23,VGA-POI,AJJ-RU,DN,10:00:00,12:00:00,120,02:30:00,04:30:00,120
2024-06-23,NA-VGA,AJJ-RU,DN,12:00:00,14:00:00,120,02:30:00,04:30:00,120
2024-06-23,TDK-PUDI,AJJ-RU,DN,12:30:00,14:30:00,120,02:30:00,04:30:00,120
2024-06-23,TDD-PDD,AJJ-RU,DN,12:00:00,14:00:00,120,02:30:00,04:30:00,120
2024-06-23,AKM-ELR,MAS-GDR,DN,02:35:00,04:35:00,120,02:30:00,04:30:00,120
2024-06-23,VPY-KOK,MAS-GDR,DN,13:00:00,15:00:00,120,02:30:00,04:30:00,120
2024-06-23,BBQ-KOK,MAS-GDR,DN,02:35:00,03:50:00,75,02:35:00,03:50:00,75
2024-06-23,VPY-WST,MAS-GDR,DN,11:30:00,13:15:00,105,02:45:00,04:30:00,105
2024-06-23,PON YD,MAS-GDR,DN,02:45:00,03:20:00,35,02:45:00,03:20:00,35
2024-06-23,MLPM YD,TRL-KPD,DN,10:00:00,13:30:00,210,03:00:00,06:30:00,210
2024-06-23,LTI-KVN,TRL-KPD,DN,03:00:00,05:00:00,120,03:00:00,05:00:00,120
2024-06-23,SPEL-PEL,MAS-GDR,DN,12:40:00,14:10:00,90,03:00:00,04:30:00,90
2024-06-23,KVP-PON,MAS-GDR,DN,03:05:00,04:10:00,65,03:05:00,04:10:00,65
2024-06-23,TRT YD,AJJ-RU,DN,04:05:00,05:25:00,80,03:10:00,04:30:00,80
2024-06-23,PUT YD,AJJ-RU,DN,12:15:00,13:15:00,60,03:30:00,04:30:00,60
2024-06-23,TDK YD,AJJ-RU,DN,13:00:00,13:45:00,45,03:45:00,04:30:00,45
2024-06-23,MDVE YD,TRL-KPD,DN,10:30:00,13:00:00,150,04:00:00,06:30:00,150
2024-06-23,SVUR YD,TRL-KPD,DN,10:00:00,12:30:00,150,04:00:00,06:30:00,150
2024-06-23,NYP YD,MAS-GDR,DN,10:00:00,10:30:00,30,04:00:00,04:30:00,30
2024-06-23,PON YD,MAS-GDR,DN,04:10:00,04:40:00,30,04:00:00,04:30:00,30
2024-06-23,THL YD,TRL-KPD,DN,10:00:00,12:30:00,150,04:00:00,06:30:00,150
2024-06-23,MSB-VM,MAS-GDR,DN,04:50:00,05:16:00,26,04:04:00,04:30:00,26
2024-06-23,PDD YD,AJJ-RU,UP,11:15:00,12:15:00,60,04:15:00,05:15:00,60
2024-06-23,POI-TRT,AJJ-RU,UP,05:30:00,06:30:00,60,04:15:00,05:15:00,60
2024-06-23,MDVE-SHU,TRL-KPD,DN,10:00:00,12:00:00,120,04:30:00,06:30:00,120
2024-06-23,SVF YD,AJJ-RU,UP,11:00:00,11:45:00,45,04:30:00,05:15:00,45
2024-06-23,WJR YD,TRL-KPD,DN,10:30:00,12:30:00,120,04:30:00,06:30:00,120
2024-06-23,SHU-TUG,TRL-KPD,DN,10:30:00,12:30:00,120,04:30:00,06:30:00,120
2024-06-23,MDVE-DHU,TRL-KPD,DN,13:00:00,15:00:00,120,04:30:00,06:30:00,120
2024-06-23,SVUR-KPD,TRL-KPD,DN,10:30:00,12:30:00,120,04:30:00,06:30:00,120
2024-06-23,WJR-MCN,TRL-KPD,DN,10:30:00,12:30:00,120,04:30:00,06:30:00,120
2024-06-23,CTRE-MLPM,TRL-KPD,DN,11:00:00,13:00:00,120,04:30:00,06:30:00,120
2024-06-23,SHU YD,TRL-KPD,DN,12:15:00,13:45:00,90,05:00:00,06:30:00,90
2024-06-23,AJJ YD,TRL-KPD,DN,10:45:00,12:15:00,90,05:00:00,06:30:00,90
2024-06-23,CTRE YD,TRL-KPD,DN,10:55:00,12:25:00,90,05:00:00,06:30:00,90
2024-06-23,MCN YD,TRL-KPD,DN,12:05:00,13:30:00,85,05:05:00,06:30:00,85
2024-06-23,LTI-KVN,TRL-KPD,DN,14:15:00,15:40:00,85,05:05:00,06:30:00,85
2024-06-23,JTJ-SBC,TRL-KPD,DN,15:30:00,16:50:00,80,05:10:00,06:30:00,80
2024-06-23,AJJ-AJJN,TRL-KPD,DN,11:10:00,12:20:00,70,05:20:00,06:30:00,70
2024-06-23,KPD-LTI,TRL-KPD,DN,13:55:00,15:00:00,65,05:25:00,06:30:00,65
2024-06-23,TUG YD,TRL-KPD,DN,10:30:00,11:30:00,60,05:30:00,06:30:00,60
2024-06-23,AJJ-TRT,TRL-KPD,DN,12:30:00,13:30:00,60,05:30:00,06:30:00,60
2024-06-23,JTJ-KDY,TRL-KPD,UP,20:55:00,23:55:00,180,22:30:00,01:30:00,180
2024-06-23,PYD YD,MAS-GDR,UP,13:20:00,16:20:00,180,22:30:00,01:30:00,180
2024-06-23,JTJ-VN,TRL-KPD,UP,21:30:00,23:30:00,120,22:30:00,00:30:00,120
2024-06-23,PEI YD,MAS-GDR,UP,21:30:00,23:30:00,120,22:30:00,00:30:00,120
2024-06-23,PEL-SPE,MAS-GDR,UP,16:10:00,17:00:00,50,22:30:00,23:20:00,50
2024-06-23,ODUR-PYA,MAS-GDR,UP,21:00:00,23:00:00,120,22:30:00,00:30:00,120
2024-06-23,TVT-TNP,MAS-GDR,UP,12:00:00,13:30:00,90,22:30:00,00:00:00,90
2024-06-23,KVN-LTI_YD,MAS-GDR,UP,22:00:00,00:00:00,120,22:30:00,00:30:00,120
2024-06-23,JTJ-ED,TRL-KPD,UP,12:30:00,14:30:00,120,22:30:00,00:30:00,120
2024-06-23,CTRE-MLPM,TRL-KPD,UP,22:00:00,00:30:00,150,22:30:00,01:00:00,150
2024-06-23,TUG-SHU,TRL-KPD,UP,22:00:00,00:00:00,120,22:30:00,00:30:00,120
2024-06-23,SHU-MDVE,TRL-KPD,UP,22:00:00,00:30:00,150,22:30:00,01:00:00,150
2024-06-23,TMV-OLA,MAS-GDR,UP,20:30:00,23:00:00,150,22:30:00,01:00:00,150
2024-06-23,MLPM-AJJ,TRL-KPD,UP,22:35:00,01:00:00,145,22:35:00,01:00:00,145
2024-06-23,PON-MJR,MAS-GDR,UP,22:55:00,00:25:00,90,22:55:00,00:25:00,90
2024-06-23,MYP YD,MS-VM,UP,13:30:00,15:30:00,120,23:00:00,01:00:00,120
2024-06-23,KVP-PON,MAS-GDR,UP,23:00:00,01:30:00,150,23:00:00,01:30:00,150
2024-06-23,KOK-BBQ,MAS-GDR,UP,00:00:00,03:30:00,210,23:00:00,02:30:00,210
2024-06-23,WJR-TUG,TRL-KPD,UP,23:00:00,01:00:00,120,23:00:00,01:00:00,120
2024-06-23,MJR-AIP,MAS-GDR,UP,23:00:00,02:00:00,180,23:00:00,02:00:00,180
2024-06-23,ELR-GPD,MAS-GDR,UP,23:00:00,02:00:00,180,23:00:00,02:00:00,180
2024-06-23,AJJN-AJJ,TRL-KPD,UP,10:35:00,14:00:00,205,23:05:00,02:30:00,205
2024-06-23,GPD-KVP,MAS-GDR,UP,23:15:00,23:58:00,43,23:15:00,23:58:00,43
2024-06-23,MCPK YD,SUBURBAN,UP,23:15:00,03:15:00,240,23:30:00,03:30:00,240
2024-06-23,VPY-WST,MAS-GDR,UP,00:00:00,03:00:00,180,23:30:00,02:30:00,180
2024-06-23,CGLYD-SKL,MS-VM,UP,23:30:00,01:45:00,135,23:30:00,01:45:00,135
2024-06-23,PON-KVP,MAS-GDR,UP,23:50:00,01:45:00,115,23:50:00,01:45:00,115
2024-06-24,SPE YD,MAS-GDR,DN,22:00:00,01:00:00,180,00:00:00,03:00:00,180
2024-06-24,TMV-MTL,MAS-GDR,DN,14:00:00,15:10:00,70,00:00:00,01:10:00,70
2024-06-24,NYP YD,MAS-GDR,DN,13:45:00,14:45:00,60,00:00:00,01:00:00,60
2024-06-24,BBQ-WST,MAS-GDR,DN,14:15:00,15:15:00,60,00:00:00,01:00:00,60
2024-06-24,PEL YD,MAS-GDR,DN,22:25:00,23:25:00,60,00:00:00,01:00:00,60
2024-06-24,PYA-ODR,MAS-GDR,DN,15:00:00,15:55:00,55,00:00:00,00:55:00,55
2024-06-24,NYP-DVR,MAS-GDR,DN,15:25:00,17:33:00,128,00:00:00,02:08:00,128
2024-06-24,TDK YD,AJJ-RU,DN,00:00:00,03:00:00,180,00:30:00,03:30:00,180
2024-06-24,TDK-PUDI,AJJ-RU,DN,14:30:00,16:30:00,120,00:30:00,02:30:00,120
2024-06-24,MDVE-CTRE,TRL-KPD,UP,00:30:00,02:30:00,120,00:30:00,02:30:00,120
2024-06-24,PUT-TDK,AJJ-RU,DN,22:00:00,00:30:00,150,00:30:00,03:00:00,150
2024-06-24,KOK-BBG,MAS-GDR,UP,00:35:00,02:20:00,105,00:35:00,02:20:00,105
2024-06-24,ELR YD,MAS-GDR,DN,00:45:00,02:30:00,105,00:45:00,02:30:00,105
2024-06-24,AJJN YD,TRL-KPD,UP,01:45:00,03:30:00,105,00:45:00,02:30:00,105
2024-06-24,SPE-PEL,MAS-GDR,DN,01:00:00,04:00:00,180,01:00:00,04:00:00,180
2024-06-24,PYA-ODR,MAS-GDR,UP,09:00:00,10:30:00,90,01:00:00,02:30:00,90
2024-06-24,MSB-VM,MAS-GDR,UP,01:00:00,01:51:00,51,01:00:00,01:51:00,51
2024-06-24,PYA-NYP,MAS-GDR,DN,01:00:00,04:00:00,180,01:00:00,04:00:00,180
2024-06-24,PON-MJR,MAS-GDR,DN,01:00:00,03:00:00,120,01:00:00,03:00:00,120
2024-06-24,ENR-AIPP,MAS-GDR,UP,02:45:00,03:55:00,70,01:20:00,02:30:00,70
2024-06-24,ELR-AKM,MAS-GDR,DN,02:00:00,05:00:00,180,01:30:00,04:30:00,180
2024-06-24,ODUR YD,MAS-GDR,DN,12:00:00,15:00:00,180,01:30:00,04:30:00,180
2024-06-24,PYA-ODR,MAS-GDR,DN,12:00:00,15:00:00,180,01:30:00,04:30:00,180
2024-06-24,MJR YD,MAS-GDR,DN,01:30:00,04:30:00,180,01:30:00,04:30:00,180
2024-06-24,KOK-VPY,MAS-GDR,DN,11:00:00,14:00:00,180,01:30:00,04:30:00,180
2024-06-24,BBQ-MAS,MAS-GDR,UP,02:30:00,03:30:00,60,01:30:00,02:30:00,60
2024-06-24,SPE-TADA,MAS-GDR,UP,02:25:00,03:13:00,48,01:42:00,02:30:00,48
2024-06-24,TDK YD,AJJ-RU,UP,00:00:00,03:00:00,180,01:45:00,04:45:00,180
2024-06-24,PUT-TDK,AJJ-RU,UP,00:00:00,03:00:00,180,01:45:00,04:45:00,180
2024-06-24,SVF-TDK,AJJ-RU,UP,23:30:00,02:00:00,150,01:45:00,04:15:00,150
2024-06-24,TDK-PDD,AJJ-RU,DN,01:55:00,03:40:00,105,01:55:00,03:40:00,105
2024-06-24,SHU YD,TRL-KPD,DN,01:00:00,03:00:00,120,02:00:00,04:00:00,120
2024-06-24,MLPM YD,TRL-KPD,DN,22:00:00,01:30:00,210,02:00:00,05:30:00,210
2024-06-24,CTRE YD,TRL-KPD,DN,01:00:00,03:00:00,120,02:00:00,04:00:00,120
2024-06-24,MCN YD,TRL-KPD,DN,01:00:00,02:30:00,90,02:00:00,03:30:00,90
2024-06-24,CTRE-MDVE,TRL-KPD,DN,01:00:00,03:00:00,120,02:00:00,04:00:00,120
2024-06-24,MLPM YD,TRL-KPD,UP,11:50:00,12:20:00,30,02:00:00,02:30:00,30
2024-06-24,MLPM-AJJ,TRL-KPD,UP,04:30:00,05:00:00,30,02:00:00,02:30:00,30
2024-06-24,BBQ-WST,MAS-GDR,DN,02:00:00,03:50:00,110,02:00:00,03:50:00,110
2024-06-24,AJJN-TRT,TRL-KPD,DN,02:00:00,04:00:00,120,02:00:00,04:00:00,120
2024-06-24,PON-KVP,MAS-GDR,DN,02:00:00,04:30:00,150,02:00:00,04:30:00,150
2024-06-24,TADA YD,MAS-GDR,DN,02:05:00,04:05:00,120,02:05:00,04:05:00,120
2024-06-24,POI-TRT,AJJ-RU,DN,11:36:00,13:37:00,121,02:29:00,04:30:00,121
2024-06-24,PYA YD,MAS-GDR,DN,03:00:00,05:00:00,120,02:30:00,04:30:00,120
2024-06-24,KVN-GYM,MAS-GDR,DN,12:30:00,14:30:00,120,02:30:00,04:30:00,120
2024-06-24,ODR-GDR,MAS-GDR,DN,12:00:00,14:00:00,120,02:30:00,04:30:00,120
2024-06-24,KVP YD,MAS-GDR,DN,02:30:00,04:30:00,120,02:30:00,04:30:00,120
2024-06-24,ODUR-GDR,MAS-GDR,DN,12:00:00,14:00:00,120,02:30:00,04:30:00,120
2024-06-24,PUDI YD,AJJ-RU,DN,13:00:00,15:00:00,120,02:30:00,04:30:00,120
2024-06-24,TNP YD,MAS-GDR,DN,11:00:00,13:00:00,120,02:30:00,04:30:00,120
2024-06-24,TDK-PUDI,AJJ-RU,DN,13:00:00,15:00:00,120,02:30:00,04:30:00,120
2024-06-24,NYP YD,MAS-GDR,DN,09:00:00,10:30:00,90,03:00:00,04:30:00,90
2024-06-24,LTI-KVN,TRL-KPD,DN,03:00:00,05:00:00,120,03:00:00,05:00:00,120
2024-06-24,PDD-RU,AJJ-RU,DN,03:00:00,04:00:00,60,03:00:00,04:00:00,60
2024-06-24,PUT-TDK,AJJ-RU,DN,03:10:00,04:25:00,75,03:10:00,04:25:00,75
2024-06-24,POI-TRT,AJJ-RU,UP,10:30:00,12:30:00,120,03:15:00,05:15:00,120
2024-06-24,PDD YD,AJJ-RU,UP,03:20:00,04:00:00,40,03:20:00,04:00:00,40
2024-06-24,AJJ-MLPM,TRL-KPD,DN,11:45:00,14:30:00,165,03:45:00,06:30:00,165
2024-06-24,ODR YD,MAS-GDR,DN,12:30:00,13:15:00,45,03:45:00,04:30:00,45
2024-06-24,SPE YD,MAS-GDR,DN,13:15:00,13:55:00,40,03:50:00,04:30:00,40
2024-06-24,SHU YD,TRL-KPD,DN,09:30:00,12:00:00,150,04:00:00,06:30:00,150
2024-06-24,MCN YD,TRL-KPD,DN,10:30:00,13:00:00,150,04:00:00,06:30:00,150
2024-06-24,CTRE-MDVE,TRL-KPD,DN,10:00:00,12:30:00,150,04:00:00,06:30:00,150
2024-06-24,NG-POI,AJJ-RU,UP,12:10:00,13:25:00,75,04:00:00,05:15:00,75
2024-06-24,MDVE-SHU,TRL-KPD,DN,13:00:00,15:00:00,120,04:30:00,06:30:00,120
2024-06-24,AJJ YD,TRL-KPD,DN,10:00:00,12:00:00,120,04:30:00,06:30:00,120
2024-06-24,TUG YD,TRL-KPD,DN,10:00:00,12:00:00,120,04:30:00,06:30:00,120
2024-06-24,KVN YD,TRL-KPD,DN,10:00:00,12:00:00,120,04:30:00,06:30:00,120
2024-06-24,MDVE YD,TRL-KPD,DN,12:00:00,14:00:00,120,04:30:00,06:30:00,120
2024-06-24,SVUR YD,TRL-KPD,DN,11:30:00,13:30:00,120,04:30:00,06:30:00,120
2024-06-24,WJR YD,TRL-KPD,DN,10:30:00,12:30:00,120,04:30:00,06:30:00,120
2024-06-24,THL YD,TRL-KPD,DN,10:00:00,12:00:00,120,04:30:00,06:30:00,120
2024-06-24,CTRE-MLPM,TRL-KPD,DN,14:00:00,16:00:00,120,04:30:00,06:30:00,120
2024-06-24,PDD YD,AJJ-RU,UP,12:40:00,13:10:00,30,04:45:00,05:15:00,30
2024-06-24,SHU-TUG,TRL-KPD,DN,13:35:00,15:05:00,90,05:00:00,06:30:00,90
2024-06-24,WJR-MCN,TRL-KPD,DN,12:00:00,13:30:00,90,05:00:00,06:30:00,90
2024-06-24,LTI-KVN,TRL-KPD,DN,10:45:00,12:10:00,85,05:05:00,06:30:00,85
2024-06-24,MLPM YD,TRL-KPD,DN,12:30:00,13:30:00,60,05:30:00,06:30:00,60
2024-06-24,SVUR-KPD,TRL-KPD,DN,12:55:00,13:55:00,60,05:30:00,06:30:00,60
2024-06-24,KPD-LTI,TRL-KPD,DN,13:30:00,14:20:00,50,05:40:00,06:30:00,50
2024-06-24,AKM-ELR,MAS-GDR,UP,12:35:00,13:35:00,60,22:30:00,23:30:00,60
2024-06-24,CTRE-MDVE,TRL-KPD,UP,19:55:00,20:10:00,15,22:30:00,22:45:00,15
2024-06-24,JTJ-KDY,TRL-KPD,UP,20:00:00,22:00:00,120,22:30:00,00:30:00,120
2024-06-24,PEI YD,MAS-GDR,UP,20:15:00,21:15:00,60,22:30:00,23:30:00,60
2024-06-24,MLPM-AJJ,TRL-KPD,UP,12:05:00,13:42:00,97,22:30:00,00:07:00,97
2024-06-24,KVP-PON,MAS-GDR,UP,22:30:00,00:30:00,120,22:30:00,00:30:00,120
2024-06-24,SPE-TADA,MAS-GDR,UP,22:00:00,00:32:00,152,22:30:00,01:02:00,152
2024-06-24,TRT-AJJN,TRL-KPD,UP,13:32:00,13:52:00,20,22:30:00,22:50:00,20
2024-06-24,ODUR-PYA,MAS-GDR,UP,15:00:00,16:30:00,90,22:30:00,00:00:00,90
2024-06-24,ODR-PYA,MAS-GDR,UP,15:00:00,17:00:00,120,22:30:00,00:30:00,120
2024-06-24,GDR-ODR,MAS-GDR,UP,15:00:00,17:00:00,120,22:30:00,00:30:00,120
2024-06-24,TRT-AJJ,TRL-KPD,UP,12:00:00,13:30:00,90,22:30:00,00:00:00,90
2024-06-24,ABU-VLK,MAS-GDR,UP,16:00:00,18:30:00,150,22:30:00,01:00:00,150
2024-06-24,CTRE-MLPM,TRL-KPD,UP,14:00:00,16:00:00,120,22:30:00,00:30:00,120
2024-06-24,SHU-MDVE,TRL-KPD,UP,15:30:00,17:30:00,120,22:30:00,00:30:00,120
2024-06-24,TMV-OLA,MAS-GDR,UP,20:30:00,23:00:00,150,22:30:00,01:00:00,150
2024-06-24,MYP YD,MS-VM,UP,21:30:00,23:30:00,120,23:00:00,01:00:00,120
2024-06-24,KVP YD,MAS-GDR,UP,23:00:00,01:00:00,120,23:00:00,01:00:00,120
2024-06-24,KOK-BBQ,MAS-GDR,UP,23:35:00,03:05:00,210,23:00:00,02:30:00,210
2024-06-24,VPY-WST,MAS-GDR,UP,23:30:00,02:00:00,150,23:30:00,02:00:00,150
2024-06-24,TVT-TNP,MAS-GDR,UP,02:00:00,05:00:00,180,23:30:00,02:30:00,180
2024-06-24,NYP-PYA,MAS-GDR,UP,23:35:00,01:05:00,90,23:35:00,01:05:00,90
2024-06-24,SPE YD,MAS-GDR,UP,00:10:00,03:00:00,170,23:40:00,02:30:00,170
2024-06-24,TADA-SPE,MAS-GDR,UP,23:45:00,01:15:00,90,23:45:00,01:15:00,90
2024-06-25,AKM-ELR,MAS-GDR,UP,00:00:00,02:30:00,150,00:00:00,02:30:00,150
2024-06-25,TMV-MTL,MAS-GDR,DN,16:30:00,17:30:00,60,00:00:00,01:00:00,60
2024-06-25,TDK YD,AJJ-RU,DN,23:30:00,01:30:00,120,00:30:00,02:30:00,120
2024-06-25,KVP-PON,MAS-GDR,UP,01:00:00,03:00:00,120,00:30:00,02:30:00,120
2024-06-25,WJR-TUG,TRL-KPD,UP,00:30:00,01:30:00,60,00:30:00,01:30:00,60
2024-06-25,MJR YD,MAS-GDR,DN,00:30:00,02:30:00,120,00:30:00,02:30:00,120
2024-06-25,MMK YD,MS-VM,DN,02:00:00,06:00:00,240,00:30:00,04:30:00,240
2024-06-25,TRT YD,AJJ-RU,DN,00:30:00,04:30:00,240,00:30:00,04:30:00,240
2024-06-25,RU-PUDI,AJJ-RU,DN,00:35:00,03:20:00,165,00:35:00,03:20:00,165
2024-06-25,TADA YD,MAS-GDR,DN,00:40:00,02:25:00,105,00:40:00,02:25:00,105
2024-06-25,NYP-PYA,MAS-GDR,DN,01:00:00,04:30:00,210,01:00:00,04:30:00,210
2024-06-25,SPE-PEL,MAS-GDR,DN,01:00:00,04:00:00,180,01:00:00,04:00:00,180
2024-06-25,MDVE-CTRE,TRL-KPD,UP,01:00:00,01:40:00,40,01:00:00,01:40:00,40
2024-06-25,PUT-TDK,AJJ-RU,DN,01:00:00,03:30:00,150,01:00:00,03:30:00,150
2024-06-25,DVR YD,MAS-GDR,DN,12:00:00,15:00:00,180,01:30:00,04:30:00,180
2024-06-25,PYA YD,MAS-GDR,UP,10:00:00,11:00:00,60,01:30:00,02:30:00,60
2024-06-25,PYA-ODR,MAS-GDR,DN,02:00:00,05:00:00,180,01:30:00,04:30:00,180
2024-06-25,MJR-AIP,MAS-GDR,UP,01:35:00,02:35:00,60,01:30:00,02:30:00,60
2024-06-25,GPD YD,MAS-GDR,DN,01:30:00,04:30:00,180,01:30:00,04:30:00,180
2024-06-25,ELR-AKM,MAS-GDR,DN,02:05:00,05:00:00,175,01:35:00,04:30:00,175
2024-06-25,SVF YD,AJJ-RU,UP,23:40:00,01:40:00,120,01:45:00,03:45:00,120
2024-06-25,PDD YD,AJJ-RU,UP,00:00:00,03:00:00,180,01:45:00,04:45:00,180
2024-06-25,PUT YD,AJJ-RU,UP,23:40:00,00:30:00,50,01:45:00,02:35:00,50
2024-06-25,PUDI YD,AJJ-RU,UP,01:25:00,03:25:00,120,01:45:00,03:45:00,120
2024-06-25,RU-PDD,AJJ-RU,UP,01:20:00,03:20:00,120,01:45:00,03:45:00,120
2024-06-25,SHU YD,TRL-KPD,DN,01:55:00,02:57:00,62,02:00:00,03:02:00,62
2024-06-25,CTRE YD,TRL-KPD,DN,01:00:00,03:00:00,120,02:00:00,04:00:00,120
2024-06-25,CTRE-MDVE,TRL-KPD,DN,01:20:00,03:20:00,120,02:00:00,04:00:00,120
2024-06-25,PON-MJR,MAS-GDR,DN,02:00:00,04:00:00,120,02:00:00,04:00:00,120
2024-06-25,PYA-NYP,MAS-GDR,DN,02:25:00,04:15:00,110,02:25:00,04:15:00,110
2024-06-25,ODUR YD,MAS-GDR,DN,12:00:00,14:00:00,120,02:30:00,04:30:00,120
2024-06-25,TDK YD,AJJ-RU,DN,10:30:00,12:30:00,120,02:30:00,04:30:00,120
2024-06-25,ODR-GDR,MAS-GDR,DN,12:30:00,14:30:00,120,02:30:00,04:30:00,120
2024-06-25,ODUR-GDR,MAS-GDR,DN,12:00:00,14:00:00,120,02:30:00,04:30:00,120
2024-06-25,TADA YD,MAS-GDR,DN,04:40:00,06:40:00,120,02:30:00,04:30:00,120
2024-06-25,TDK-PUDI,AJJ-RU,DN,12:00:00,14:00:00,120,02:30:00,04:30:00,120
2024-06-25,PON-KVP,MAS-GDR,DN,03:00:00,05:00:00,120,02:30:00,04:30:00,120
2024-06-25,MJR YD,MAS-GDR,DN,02:35:00,04:34:00,119,02:31:00,04:30:00,119
2024-06-25,VGA YD,AJJ-RU,DN,02:50:00,03:50:00,60,02:50:00,03:50:00,60
2024-06-25,MLPM YD,TRL-KPD,DN,10:00:00,13:30:00,210,03:00:00,06:30:00,210
2024-06-25,NYP YD,MAS-GDR,DN,12:00:00,13:30:00,90,03:00:00,04:30:00,90
2024-06-25,PYA YD,MAS-GDR,DN,12:05:00,13:35:00,90,03:00:00,04:30:00,90
2024-06-25,BBQ-WST,MAS-GDR,DN,13:00:00,14:30:00,90,03:00:00,04:30:00,90
2024-06-25,PEL YD,MAS-GDR,DN,12:10:00,13:40:00,90,03:00:00,04:30:00,90
2024-06-25,TDK-PDD,AJJ-RU,DN,12:30:00,13:45:00,75,03:15:00,04:30:00,75
2024-06-25,TNP-KOK,MAS-GDR,DN,03:30:00,04:05:00,35,03:30:00,04:05:00,35
2024-06-25,POI-TRT,AJJ-RU,UP,10:50:00,12:30:00,100,03:35:00,05:15:00,100
2024-06-25,PUT-TDK,AJJ-RU,DN,13:00:00,13:40:00,40,03:50:00,04:30:00,40
2024-06-25,AJJ-MLPM,TRL-KPD,DN,11:30:00,14:00:00,150,04:00:00,06:30:00,150
2024-06-25,CTRE-MDVE,TRL-KPD,DN,10:00:00,12:30:00,150,04:00:00,06:30:00,150
2024-06-25,PUT YD,AJJ-RU,UP,11:15:00,12:15:00,60,04:15:00,05:15:00,60
2024-06-25,MDVE-SHU,TRL-KPD,DN,10:00:00,12:00:00,120,04:30:00,06:30:00,120
2024-06-25,SHU YD,TRL-KPD,DN,10:00:00,12:00:00,120,04:30:00,06:30:00,120
2024-06-25,AJJ YD,TRL-KPD,DN,10:00:00,12:00:00,120,04:30:00,06:30:00,120
2024-06-25,KVN YD,TRL-KPD,DN,11:00:00,13:00:00,120,04:30:00,06:30:00,120
2024-06-25,SVUR YD,TRL-KPD,DN,10:00:00,12:00:00,120,04:30:00,06:30:00,120
2024-06-25,LTI-KVN,TRL-KPD,DN,12:55:00,14:55:00,120,04:30:00,06:30:00,120
2024-06-25,THL YD,TRL-KPD,DN,10:00:00,12:00:00,120,04:30:00,06:30:00,120
2024-06-25,NG-POI,AJJ-RU,UP,13:15:00,14:00:00,45,04:30:00,05:15:00,45
2024-06-25,WJR YD,TRL-KPD,DN,09:30:00,11:00:00,90,05:00:00,06:30:00,90
2024-06-25,MDVE YD,TRL-KPD,DN,11:45:00,13:10:00,85,05:05:00,06:30:00,85
2024-06-25,MCN YD,TRL-KPD,DN,12:45:00,13:50:00,65,05:25:00,06:30:00,65
2024-06-25,TUG YD,TRL-KPD,DN,11:00:00,12:00:00,60,05:30:00,06:30:00,60
2024-06-25,SVUR-KPD,TRL-KPD,DN,13:55:00,14:55:00,60,05:30:00,06:30:00,60
2024-06-25,AKM-ELR,MAS-GDR,UP,22:00:00,00:00:00,120,22:30:00,00:30:00,120
2024-06-25,JTJ-KDY,TRL-KPD,UP,21:55:00,23:50:00,115,22:30:00,00:25:00,115
2024-06-25,MDVE YD,TRL-KPD,UP,22:10:00,00:30:00,140,22:30:00,00:50:00,140
2024-06-25,NYP-PYA,MAS-GDR,UP,12:00:00,15:00:00,180,22:30:00,01:30:00,180
2024-06-25,PEI YD,MAS-GDR,UP,20:00:00,23:00:00,180,22:30:00,01:30:00,180
2024-06-25,ENR-TVT,MAS-GDR,UP,14:00:00,17:00:00,180,22:30:00,01:30:00,180
2024-06-25,TRT-AJJN,TRL-KPD,UP,16:17:00,16:37:00,20,22:30:00,22:50:00,20
2024-06-25,GPD YD,MAS-GDR,UP,22:30:00,01:30:00,180,22:30:00,01:30:00,180
2024-06-25,GDR-ODR,MAS-GDR,UP,12:45:00,14:15:00,90,22:30:00,00:00:00,90
2024-06-25,TRT-AJJ,TRL-KPD,UP,13:35:00,14:35:00,60,22:30:00,23:30:00,60
2024-06-25,CTRE-MLPM,TRL-KPD,UP,14:00:00,16:00:00,120,22:30:00,00:30:00,120
2024-06-25,SHU-MDVE,TRL-KPD,UP,15:30:00,17:30:00,120,22:30:00,00:30:00,120
2024-06-25,SPE-TADA,MAS-GDR,UP,22:55:00,00:45:00,110,22:55:00,00:45:00,110
2024-06-25,MLMR YD,MS-VM,UP,12:30:00,15:00:00,150,23:00:00,01:30:00,150
2024-06-25,MYP YD,MS-VM,UP,21:30:00,23:30:00,120,23:00:00,01:00:00,120
2024-06-25,KVP-PON,MAS-GDR,UP,23:00:00,01:00:00,120,23:00:00,01:00:00,120
2024-06-25,KOK-BBQ,MAS-GDR,UP,23:30:00,03:00:00,210,23:00:00,02:30:00,210
2024-06-25,MJR YD,MAS-GDR,UP,23:00:00,01:30:00,150,23:00:00,01:30:00,150
2024-06-25,VPY-WST,MAS-GDR,UP,23:30:00,01:30:00,120,23:30:00,01:30:00,120
2024-06-25,KVP YD,MAS-GDR,UP,00:00:00,03:00:00,180,23:30:00,02:30:00,180
2024-06-25,ODR-PYA,MAS-GDR,UP,23:30:00,01:30:00,120,23:30:00,01:30:00,120
2024-06-26,TMV-MTL,MAS-GDR,DN,14:30:00,15:30:00,60,00:00:00,01:00:00,60
2024-06-26,TRT-AJJN,TRL-KPD,UP,00:00:00,02:30:00,150,00:00:00,02:30:00,150
2024-06-26,TADA-AKM,MAS-GDR,DN,22:55:00,00:45:00,110,00:00:00,01:50:00,110
2024-06-26,SPE YD,MAS-GDR,UP,00:25:00,01:55:00,90,00:25:00,01:55:00,90
2024-06-26,TDK YD,AJJ-RU,DN,00:10:00,01:45:00,95,00:30:00,02:05:00,95
2024-06-26,BBQ-KOK,MAS-GDR,UP,00:40:00,02:40:00,120,00:30:00,02:30:00,120
2024-06-26,TRT YD,AJJ-RU,DN,00:00:00,04:00:00,240,00:30:00,04:30:00,240
2024-06-26,POI YD,AJJ-RU,DN,23:30:00,02:00:00,150,00:30:00,03:00:00,150
2024-06-26,PUT-TDK,AJJ-RU,DN,00:00:00,02:00:00,120,00:30:00,02:30:00,120
2024-06-26,RU-PUDI,AJJ-RU,DN,00:35:00,03:20:00,165,00:35:00,03:20:00,165
2024-06-26,MJR YD,MAS-GDR,DN,00:40:00,01:40:00,60,00:40:00,01:40:00,60
2024-06-26,NYP-PYA,MAS-GDR,DN,01:00:00,04:30:00,210,01:00:00,04:30:00,210
2024-06-26,TADA-SPE,MAS-GDR,DN,01:00:00,04:00:00,180,01:00:00,04:00:00,180
2024-06-26,ODR-GDR,MAS-GDR,DN,01:00:00,03:00:00,120,01:00:00,03:00:00,120
2024-06-26,VGA YD,AJJ-RU,DN,01:00:00,04:00:00,180,01:00:00,04:00:00,180
2024-06-26,TADA YD,MAS-GDR,DN,01:00:00,03:00:00,120,01:00:00,03:00:00,120
2024-06-26,PON-KVP,MAS-GDR,DN,01:00:00,03:00:00,120,01:00:00,03:00:00,120
2024-06-26,MDVE YD,TRL-KPD,UP,12:00:00,13:00:00,60,01:30:00,02:30:00,60
2024-06-26,DVR YD,MAS-GDR,DN,12:00:00,15:00:00,180,01:30:00,04:30:00,180
2024-06-26,KVP-PON,MAS-GDR,UP,01:30:00,02:30:00,60,01:30:00,02:30:00,60
2024-06-26,SPE-PEL,MAS-GDR,DN,02:00:00,05:00:00,180,01:30:00,04:30:00,180
2024-06-26,GPD YD,MAS-GDR,DN,01:30:00,04:30:00,180,01:30:00,04:30:00,180
2024-06-26,ELR-AKM,MAS-GDR,DN,01:35:00,04:05:00,150,01:35:00,04:05:00,150
2024-06-26,SVF YD,AJJ-RU,UP,00:55:00,02:55:00,120,01:45:00,03:45:00,120
2024-06-26,VGA YD,AJJ-RU,UP,23:30:00,01:00:00,90,01:45:00,03:15:00,90
2024-06-26,PDD YD,AJJ-RU,UP,00:30:00,03:00:00,150,01:45:00,04:15:00,150
2024-06-26,PYA YD,MAS-GDR,DN,12:15:00,15:00:00,165,01:45:00,04:30:00,165
2024-06-26,POI-TRT,AJJ-RU,UP,01:00:00,04:10:00,190,01:45:00,04:55:00,190
2024-06-26,PUT YD,AJJ-RU,UP,00:30:00,03:30:00,180,01:45:00,04:45:00,180
2024-06-26,PUDI YD,AJJ-RU,UP,00:05:00,03:10:00,185,01:45:00,04:50:00,185
2024-06-26,RU-PDD,AJJ-RU,UP,00:05:00,03:18:00,193,01:45:00,04:58:00,193
2024-06-26,MLPM YD,TRL-KPD,DN,01:50:00,03:50:00,120,02:00:00,04:00:00,120
2024-06-26,KVN YD,TRL-KPD,DN,00:30:00,04:00:00,210,02:00:00,05:30:00,210
2024-06-26,CTRE-MDVE,TRL-KPD,DN,01:20:00,03:20:00,120,02:00:00,04:00:00,120
2024-06-26,PYA-ODR,MAS-GDR,DN,12:00:00,14:30:00,150,02:00:00,04:30:00,150
2024-06-26,SPE YD,MAS-GDR,UP,10:15:00,10:45:00,30,02:00:00,02:30:00,30
2024-06-26,MMK YD,MS-VM,DN,12:30:00,15:00:00,150,02:00:00,04:30:00,150
2024-06-26,NYP YD,MAS-GDR,DN,02:10:00,03:40:00,90,02:10:00,03:40:00,90
2024-06-26,TDK YD,AJJ-RU,DN,10:30:00,12:30:00,120,02:30:00,04:30:00,120
2024-06-26,PUT-TDK,AJJ-RU,DN,10:30:00,12:30:00,120,02:30:00,04:30:00,120
2024-06-26,PON-MJR,MAS-GDR,DN,02:30:00,04:30:00,120,02:30:00,04:30:00,120
2024-06-26,TDK-PUDI,AJJ-RU,DN,02:50:00,04:45:00,115,02:35:00,04:30:00,115
2024-06-26,ODUR YD,MAS-GDR,DN,13:10:00,15:00:00,110,02:40:00,04:30:00,110
2024-06-26,MJR YD,MAS-GDR,DN,02:40:00,03:40:00,60,02:40:00,03:40:00,60
2024-06-26,NG-POI,AJJ-RU,UP,11:15:00,13:45:00,150,02:45:00,05:15:00,150
2024-06-26,TDK-PDD,AJJ-RU,DN,12:30:00,13:45:00,75,03:15:00,04:30:00,75
2024-06-26,AJJ-MLPM,TRL-KPD,DN,03:25:00,04:10:00,45,03:25:00,04:10:00,45
2024-06-26,PEL YD,MAS-GDR,DN,12:45:00,13:30:00,45,03:45:00,04:30:00,45
2024-06-26,VGA-NG,AJJ-RU,UP,12:00:00,13:30:00,90,03:45:00,05:15:00,90
2024-06-26,NYP YD,MAS-GDR,DN,10:20:00,11:00:00,40,03:50:00,04:30:00,40
2024-06-26,MDVE-SHU,TRL-KPD,DN,10:00:00,12:00:00,120,04:30:00,06:30:00,120
2024-06-26,SHU YD,TRL-KPD,DN,10:00:00,12:00:00,120,04:30:00,06:30:00,120
2024-06-26,AJJ YD,TRL-KPD,DN,10:00:00,12:00:00,120,04:30:00,06:30:00,120
2024-06-26,AJJ-MLPM,TRL-KPD,DN,10:00:00,12:00:00,120,04:30:00,06:30:00,120
2024-06-26,CTRE-MDVE,TRL-KPD,DN,10:30:00,12:30:00,120,04:30:00,06:30:00,120
2024-06-26,MLPM YD,TRL-KPD,DN,09:30:00,11:00:00,90,05:00:00,06:30:00,90
2024-06-26,SVUR YD,TRL-KPD,DN,09:40:00,11:10:00,90,05:00:00,06:30:00,90
2024-06-26,WJR YD,TRL-KPD,DN,12:10:00,13:40:00,90,05:00:00,06:30:00,90
2024-06-26,KVN YD,TRL-KPD,DN,10:00:00,11:00:00,60,05:30:00,06:30:00,60
2024-06-26,CTRE YD,TRL-KPD,DN,11:00:00,12:00:00,60,05:30:00,06:30:00,60
2024-06-26,MCN YD,TRL-KPD,DN,11:30:00,12:30:00,60,05:30:00,06:30:00,60
2024-06-26,MDVE YD,TRL-KPD,DN,10:00:00,11:00:00,60,05:30:00,06:30:00,60
2024-06-26,LTI-KVN,TRL-KPD,DN,12:30:00,13:30:00,60,05:30:00,06:30:00,60
2024-06-26,THL YD,TRL-KPD,DN,14:00:00,15:00:00,60,05:30:00,06:30:00,60
2024-06-26,TUG YD,TRL-KPD,DN,14:18:00,14:48:00,30,06:00:00,06:30:00,30
2024-06-26,AKM-ELR,MAS-GDR,UP,15:55:00,16:25:00,30,22:30:00,23:00:00,30
2024-06-26,MDVE YD,TRL-KPD,UP,22:00:00,00:12:00,132,22:30:00,00:42:00,132
2024-06-26,NYP-PYA,MAS-GDR,UP,21:30:00,00:30:00,180,22:30:00,01:30:00,180
2024-06-26,PYA-NYP,MAS-GDR,UP,21:30:00,00:30:00,180,22:30:00,01:30:00,180
2024-06-26,PEI YD,MAS-GDR,UP,20:00:00,23:00:00,180,22:30:00,01:30:00,180
2024-06-26,KVP-PON,MAS-GDR,UP,22:30:00,00:30:00,120,22:30:00,00:30:00,120
2024-06-26,NYP-DVR,MAS-GDR,UP,15:25:00,16:40:00,75,22:30:00,23:45:00,75
2024-06-26,TNP-KOK,MAS-GDR,UP,13:50:00,15:00:00,70,22:30:00,23:40:00,70
2024-06-26,GPD YD,MAS-GDR,UP,22:30:00,01:30:00,180,22:30:00,01:30:00,180
2024-06-26,SVUR YD,TRL-KPD,UP,12:10:00,13:10:00,60,22:30:00,23:30:00,60
2024-06-26,ODR-GDR,MAS-GDR,UP,12:00:00,14:00:00,120,22:30:00,00:30:00,120
2024-06-26,TADA YD,MAS-GDR,UP,21:40:00,23:40:00,120,22:30:00,00:30:00,120
2024-06-26,THL YD,TRL-KPD,UP,14:30:00,16:30:00,120,22:30:00,00:30:00,120
2024-06-26,ELR YD,MAS-GDR,UP,22:40:00,00:10:00,90,22:40:00,00:10:00,90
2024-06-26,SPE-TADA,MAS-GDR,UP,22:40:00,00:15:00,95,22:40:00,00:15:00,95
2024-06-26,MMK YD,MS-VM,UP,12:30:00,15:00:00,150,23:00:00,01:30:00,150
2024-06-26,MJR YD,MAS-GDR,UP,23:00:00,01:30:00,150,23:00:00,01:30:00,150
2024-06-26,AKM-ELR,MAS-GDR,UP,23:20:00,01:20:00,120,23:20:00,01:20:00,120
2024-06-26,MLPM YD,TRL-KPD,UP,23:30:00,01:00:00,90,23:30:00,01:00:00,90
2024-06-26,BBQ YD,MAS-GDR,UP,23:30:00,02:30:00,180,23:30:00,02:30:00,180
2024-06-26,MCN YD,TRL-KPD,UP,23:35:00,01:05:00,90,23:35:00,01:05:00,90
2024-06-26,KOK-BBQ,MAS-GDR,UP,23:40:00,02:10:00,150,23:40:00,02:10:00,150
2024-06-26,VPY-WST,MAS-GDR,UP,23:45:00,01:45:00,120,23:45:00,01:45:00,120
2024-06-27,TMV-MTL,MAS-GDR,DN,16:30:00,17:30:00,60,00:00:00,01:00:00,60
2024-06-27,KVP YD,MAS-GDR,UP,00:00:00,02:00:00,120,00:00:00,02:00:00,120
2024-06-27,TRT-AJJN,TRL-KPD,UP,00:00:00,02:30:00,150,00:00:00,02:30:00,150
2024-06-27,PON-MJR,MAS-GDR,UP,09:30:00,11:40:00,130,00:20:00,02:30:00,130
2024-06-27,TDK YD,AJJ-RU,DN,00:10:00,01:25:00,75,00:30:00,01:45:00,75
2024-06-27,PON YD,MAS-GDR,DN,01:00:00,05:00:00,240,00:30:00,04:30:00,240
2024-06-27,NG YD,AJJ-RU,DN,00:00:00,04:00:00,240,00:30:00,04:30:00,240
2024-06-27,TRT YD,AJJ-RU,DN,00:00:00,04:00:00,240,00:30:00,04:30:00,240
2024-06-27,NG-POI,AJJ-RU,DN,16:00:00,17:30:00,90,00:30:00,02:00:00,90
2024-06-27,PUT-TDK,AJJ-RU,DN,00:00:00,02:00:00,120,00:30:00,02:30:00,120
2024-06-27,PON-KVP,MAS-GDR,DN,00:45:00,02:35:00,110,00:45:00,02:35:00,110
2024-06-27,ELR-AKM,MAS-GDR,DN,01:00:00,03:00:00,120,01:00:00,03:00:00,120
2024-06-27,SPE-PEL,MAS-GDR,DN,01:00:00,04:00:00,180,01:00:00,04:00:00,180
2024-06-27,POI YD,AJJ-RU,DN,01:00:00,03:00:00,120,01:00:00,03:00:00,120
2024-06-27,NYP-PYA,MAS-GDR,DN,01:45:00,04:55:00,190,01:20:00,04:30:00,190
2024-06-27,VGA YD,AJJ-RU,DN,01:25:00,03:50:00,145,01:25:00,03:50:00,145
2024-06-27,TADA YD,MAS-GDR,DN,01:25:00,03:15:00,110,01:25:00,03:15:00,110
2024-06-27,DVR YD,MAS-GDR,DN,01:30:00,03:40:00,130,01:30:00,03:40:00,130
2024-06-27,TADA-SPE,MAS-GDR,DN,01:55:00,04:55:00,180,01:30:00,04:30:00,180
2024-06-27,SVF YD,AJJ-RU,UP,00:00:00,01:30:00,90,01:45:00,03:15:00,90
2024-06-27,PDD YD,AJJ-RU,UP,00:00:00,02:00:00,120,01:45:00,03:45:00,120
2024-06-27,POI-TRT,AJJ-RU,UP,23:50:00,01:50:00,120,01:45:00,03:45:00,120
2024-06-27,PUT YD,AJJ-RU,UP,00:00:00,03:00:00,180,01:45:00,04:45:00,180
2024-06-27,RU-PDD,AJJ-RU,UP,00:00:00,03:00:00,180,01:45:00,04:45:00,180
2024-06-27,MLPM YD,TRL-KPD,DN,00:25:00,01:55:00,90,02:00:00,03:30:00,90
2024-06-27,CTRE-MDVE,TRL-KPD,DN,02:00:00,04:00:00,120,02:00:00,04:00:00,120
2024-06-27,PYA-ODR,MAS-GDR,DN,12:00:00,14:00:00,120,02:30:00,04:30:00,120
2024-06-27,PUT-TDK,AJJ-RU,DN,10:30:00,12:30:00,120,02:30:00,04:30:00,120
2024-06-27,ODUR YD,MAS-GDR,DN,12:40:00,14:10:00,90,03:00:00,04:30:00,90
2024-06-27,PUDI YD,AJJ-RU,UP,11:15:00,13:15:00,120,03:15:00,05:15:00,120
2024-06-27,TDK-PUDI,AJJ-RU,DN,12:30:00,13:45:00,75,03:15:00,04:30:00,75
2024-06-27,TDK YD,AJJ-RU,DN,12:40:00,13:50:00,70,03:20:00,04:30:00,70
2024-06-27,MMK YD,MS-VM,DN,13:15:00,14:25:00,70,03:20:00,04:30:00,70
2024-06-27,TDK-PDD,AJJ-RU,DN,12:35:00,13:45:00,70,03:20:00,04:30:00,70
2024-06-27,MDVE-SHU,TRL-KPD,DN,10:00:00,13:00:00,180,03:30:00,06:30:00,180
2024-06-27,NYP YD,MAS-GDR,DN,12:30:00,13:30:00,60,03:30:00,04:30:00,60
2024-06-27,PYA YD,MAS-GDR,DN,12:50:00,13:50:00,60,03:30:00,04:30:00,60
2024-06-27,KVN YD,TRL-KPD,DN,10:00:00,12:30:00,150,04:00:00,06:30:00,150
2024-06-27,PEL YD,MAS-GDR,DN,10:10:00,10:40:00,30,04:00:00,04:30:00,30
2024-06-27,VGA-NG,AJJ-RU,UP,12:40:00,13:55:00,75,04:00:00,05:15:00,75
2024-06-27,POI-TRT,AJJ-RU,UP,06:55:00,07:55:00,60,04:15:00,05:15:00,60
2024-06-27,SHU YD,TRL-KPD,DN,11:00:00,13:00:00,120,04:30:00,06:30:00,120
2024-06-27,AJJ YD,TRL-KPD,DN,09:55:00,10:55:00,60,05:30:00,06:30:00,60
2024-06-27,MCN YD,TRL-KPD,DN,09:30:00,10:30:00,60,05:30:00,06:30:00,60
2024-06-27,SVUR YD,TRL-KPD,DN,10:30:00,11:30:00,60,05:30:00,06:30:00,60
2024-06-27,WJR YD,TRL-KPD,DN,09:30:00,10:30:00,60,05:30:00,06:30:00,60
2024-06-27,LTI-KVN,TRL-KPD,DN,12:20:00,13:20:00,60,05:30:00,06:30:00,60
2024-06-27,CTRE YD,TRL-KPD,DN,12:30:00,13:15:00,45,05:45:00,06:30:00,45
2024-06-27,CTRE-MDVE,TRL-KPD,DN,13:05:00,13:50:00,45,05:45:00,06:30:00,45
2024-06-27,MLPM YD,TRL-KPD,DN,13:15:00,13:50:00,35,05:55:00,06:30:00,35
2024-06-27,AJJ-MLPM,TRL-KPD,DN,10:00:00,10:30:00,30,06:00:00,06:30:00,30
2024-06-27,MDVE YD,TRL-KPD,DN,11:40:00,12:10:00,30,06:00:00,06:30:00,30
2024-06-27,AKM-ELR,MAS-GDR,UP,14:40:00,15:40:00,60,22:30:00,23:30:00,60
2024-06-27,MDVE YD,TRL-KPD,UP,16:00:00,18:00:00,120,22:30:00,00:30:00,120
2024-06-27,SHU YD,TRL-KPD,UP,15:30:00,17:30:00,120,22:30:00,00:30:00,120
2024-06-27,NYP-PYA,MAS-GDR,UP,15:00:00,17:00:00,120,22:30:00,00:30:00,120
2024-06-27,PYA-NYP,MAS-GDR,UP,21:30:00,00:30:00,180,22:30:00,01:30:00,180
2024-06-27,ODR YD,MAS-GDR,UP,14:00:00,16:00:00,120,22:30:00,00:30:00,120
2024-06-27,KVN-LTI,MAS-GDR,UP,22:00:00,00:00:00,120,22:30:00,00:30:00,120
2024-06-27,ELR YD,MAS-GDR,UP,14:00:00,15:00:00,60,22:30:00,23:30:00,60
2024-06-27,MSB-MS,MAS-GDR,UP,14:45:00,15:45:00,60,22:30:00,23:30:00,60
2024-06-27,LTI-KVN,TRL-KPD,UP,21:00:00,00:00:00,180,22:30:00,01:30:00,180
2024-06-27,THL YD,TRL-KPD,UP,22:00:00,00:00:00,120,22:30:00,00:30:00,120
2024-06-27,THL-MCN,TRL-KPD,UP,14:30:00,16:30:00,120,22:30:00,00:30:00,120
2024-06-27,MJR YD,MAS-GDR,UP,12:25:00,14:25:00,120,22:30:00,00:30:00,120
2024-06-27,GPD YD,MAS-GDR,UP,23:00:00,01:00:00,120,23:00:00,01:00:00,120
2024-06-27,MMK YD,MS-VM,UP,13:00:00,14:30:00,90,23:00:00,00:30:00,90
2024-06-27,AKM-ELR,MAS-GDR,UP,23:30:00,01:30:00,120,23:30:00,01:30:00,120
2024-06-27,TRT-AJJN,TRL-KPD,UP,23:30:00,01:30:00,120,23:30:00,01:30:00,120
2024-06-27,SPE-TADA,MAS-GDR,UP,23:35:00,01:05:00,90,23:35:00,01:05:00,90
2024-06-28,TMV-MTL,MAS-GDR,DN,14:48:00,15:20:00,32,00:00:00,00:32:00,32
2024-06-28,KVP-PON,MAS-GDR,UP,00:00:00,02:00:00,120,00:00:00,02:00:00,120
2024-06-28,ELR YD,MAS-GDR,UP,00:00:00,01:30:00,90,00:00:00,01:30:00,90
2024-06-28,KOK-BBQ,MAS-GDR,UP,00:10:00,02:40:00,150,00:00:00,02:30:00,150
2024-06-28,PON-MJR,MAS-GDR,UP,09:30:00,11:40:00,130,00:20:00,02:30:00,130
2024-06-28,NYP-PYA,MAS-GDR,UP,01:00:00,03:00:00,120,00:30:00,02:30:00,120
2024-06-28,BBQ YD,MAS-GDR,UP,00:30:00,01:30:00,60,00:30:00,01:30:00,60
2024-06-28,PON YD,MAS-GDR,DN,00:30:00,04:30:00,240,00:30:00,04:30:00,240
2024-06-28,VGA YD,AJJ-RU,DN,00:25:00,02:25:00,120,00:30:00,02:30:00,120
2024-06-28,NG YD,AJJ-RU,DN,00:00:00,04:00:00,240,00:30:00,04:30:00,240
2024-06-28,TRT YD,AJJ-RU,DN,00:00:00,04:00:00,240,00:30:00,04:30:00,240
2024-06-28,PUT-TDK,AJJ-RU,DN,00:00:00,02:00:00,120,00:30:00,02:30:00,120
2024-06-28,DVR YD,MAS-GDR,DN,01:00:00,03:00:00,120,01:00:00,03:00:00,120
2024-06-28,DVR YD,MAS-GDR,UP,09:00:00,10:30:00,90,01:00:00,02:30:00,90
2024-06-28,POI YD,AJJ-RU,DN,01:00:00,03:00:00,120,01:00:00,03:00:00,120
2024-06-28,PON-KVP,MAS-GDR,DN,01:10:00,02:40:00,90,01:10:00,02:40:00,90
2024-06-28,NYP-PYA,MAS-GDR,DN,01:50:00,04:50:00,180,01:30:00,04:30:00,180
2024-06-28,SPE-PEL,MAS-GDR,DN,02:00:00,05:00:00,180,01:30:00,04:30:00,180
2024-06-28,ELR-AKM,MAS-GDR,DN,01:40:00,03:30:00,110,01:40:00,03:30:00,110
2024-06-28,PYA-NYP,MAS-GDR,UP,09:05:00,09:55:00,50,01:40:00,02:30:00,50
2024-06-28,PDD YD,AJJ-RU,UP,23:00:00,01:00:00,120,01:45:00,03:45:00,120
2024-06-28,POI-TRT,AJJ-RU,UP,01:30:00,03:05:00,95,01:45:00,03:20:00,95
2024-06-28,PUT YD,AJJ-RU,UP,00:00:00,02:00:00,120,01:45:00,03:45:00,120
2024-06-28,RU-PDD,AJJ-RU,UP,00:00:00,03:00:00,180,01:45:00,04:45:00,180
2024-06-28,TADA-SPE,MAS-GDR,DN,03:00:00,05:40:00,160,01:50:00,04:30:00,160
2024-06-28,MDVE-SHU,TRL-KPD,DN,01:30:00,04:00:00,150,02:00:00,04:30:00,150
2024-06-28,CTRE-MDVE,TRL-KPD,DN,02:00:00,04:00:00,120,02:00:00,04:00:00,120
2024-06-28,NG-POI,AJJ-RU,UP,11:30:00,14:30:00,180,02:15:00,05:15:00,180
2024-06-28,MKK YD,MS-VM,UP,10:50:00,11:30:00,40,02:20:00,03:00:00,40
2024-06-28,PYA-ODR,MAS-GDR,DN,12:00:00,14:00:00,120,02:30:00,04:30:00,120
2024-06-28,VGA YD,AJJ-RU,DN,12:00:00,14:00:00,120,02:30:00,04:30:00,120
2024-06-28,TDK YD,AJJ-RU,DN,03:10:00,04:20:00,70,03:10:00,04:20:00,70
2024-06-28,PUDI YD,AJJ-RU,UP,11:15:00,13:15:00,120,03:15:00,05:15:00,120
2024-06-28,DVR YD,MAS-GDR,DN,12:00:00,13:00:00,60,03:30:00,04:30:00,60
2024-06-28,PYA YD,MAS-GDR,DN,12:10:00,13:10:00,60,03:30:00,04:30:00,60
2024-06-28,TDK-PUDI,AJJ-RU,DN,13:23:00,14:23:00,60,03:30:00,04:30:00,60
2024-06-28,MMK YD,MS-VM,DN,12:45:00,13:30:00,45,03:45:00,04:30:00,45
2024-06-28,KVN YD,TRL-KPD,DN,10:00:00,12:30:00,150,04:00:00,06:30:00,150
2024-06-28,VGA-NG,AJJ-RU,UP,11:30:00,12:30:00,60,04:15:00,05:15:00,60
2024-06-28,SHU YD,TRL-KPD,DN,10:25:00,12:25:00,120,04:30:00,06:30:00,120
2024-06-28,POI-TRT,AJJ-RU,UP,12:30:00,13:15:00,45,04:30:00,05:15:00,45
2024-06-28,MDVE-SHU,TRL-KPD,DN,12:00:00,13:40:00,100,04:50:00,06:30:00,100
2024-06-28,MCN YD,TRL-KPD,DN,09:30:00,10:30:00,60,05:30:00,06:30:00,60
2024-06-28,SVUR YD,TRL-KPD,DN,10:30:00,11:30:00,60,05:30:00,06:30:00,60
2024-06-28,WJR YD,TRL-KPD,DN,10:00:00,11:00:00,60,05:30:00,06:30:00,60
2024-06-28,MLPM YD,TRL-KPD,DN,12:05:00,12:40:00,35,05:55:00,06:30:00,35
2024-06-28,AJJ YD,TRL-KPD,DN,10:15:00,10:45:00,30,06:00:00,06:30:00,30
2024-06-28,CTRE-MDVE,TRL-KPD,DN,11:10:00,11:40:00,30,06:00:00,06:30:00,30
2024-06-28,LTI-KVN,TRL-KPD,DN,14:50:00,15:20:00,30,06:00:00,06:30:00,30
2024-06-28,AKM YD,MAS-GDR,UP,22:30:00,01:00:00,150,22:30:00,01:00:00,150
2024-06-28,MDVE YD,TRL-KPD,UP,16:00:00,18:00:00,120,22:30:00,00:30:00,120
2024-06-28,SHU YD,TRL-KPD,UP,14:00:00,15:00:00,60,22:30:00,23:30:00,60
2024-06-28,PYA-NYP,MAS-GDR,UP,22:30:00,00:30:00,120,22:30:00,00:30:00,120
2024-06-28,ODR YD,MAS-GDR,UP,16:05:00,17:35:00,90,22:30:00,00:00:00,90
2024-06-28,KVN-LTI,MAS-GDR,UP,22:00:00,00:00:00,120,22:30:00,00:30:00,120
2024-06-28,NYP-DVR,MAS-GDR,UP,22:10:00,00:10:00,120,22:30:00,00:30:00,120
2024-06-28,ELR YD,MAS-GDR,UP,15:00:00,15:30:00,30,22:30:00,23:00:00,30
2024-06-28,LTI-KPD,TRL-KPD,UP,15:00:00,17:00:00,120,22:30:00,00:30:00,120
2024-06-28,THL-MCN,TRL-KPD,UP,15:00:00,17:00:00,120,22:30:00,00:30:00,120
2024-06-28,TADA YD,MAS-GDR,UP,22:45:00,00:45:00,120,22:45:00,00:45:00,120
2024-06-28,KVP-PON,MAS-GDR,UP,22:55:00,00:25:00,90,22:55:00,00:25:00,90
2024-06-28,AKM-ELR,MAS-GDR,UP,23:30:00,01:00:00,90,23:30:00,01:00:00,90
2024-06-28,KOK-BBQ,MAS-GDR,UP,23:30:00,01:30:00,120,23:30:00,01:30:00,120
2024-06-28,NYP-PYA,MAS-GDR,UP,23:40:00,00:40:00,60,23:40:00,00:40:00,60
2024-06-29,DVR YD,MAS-GDR,DN,14:00:00,16:00:00,120,00:00:00,02:00:00,120
2024-06-29,MLPM YD,TRL-KPD,UP,11:00:00,13:30:00,150,00:00:00,02:30:00,150
2024-06-29,PEL YD,MAS-GDR,DN,00:00:00,01:43:00,103,00:00:00,01:43:00,103
2024-06-29,KVP-PON,MAS-GDR,UP,00:25:00,01:15:00,50,00:25:00,01:15:00,50
2024-06-29,PYA-NYP,MAS-GDR,UP,08:30:00,10:30:00,120,00:30:00,02:30:00,120
2024-06-29,PON-MJR,MAS-GDR,UP,09:30:00,11:30:00,120,00:30:00,02:30:00,120
2024-06-29,PON YD,MAS-GDR,DN,00:30:00,04:30:00,240,00:30:00,04:30:00,240
2024-06-29,VGA YD,AJJ-RU,DN,00:00:00,02:00:00,120,00:30:00,02:30:00,120
2024-06-29,TRT YD,AJJ-RU,DN,00:10:00,02:44:00,154,00:30:00,03:04:00,154
2024-06-29,GPD YD,MAS-GDR,UP,00:40:00,02:00:00,80,00:40:00,02:00:00,80
2024-06-29,DVR YD,MAS-GDR,UP,09:00:00,10:30:00,90,01:00:00,02:30:00,90
2024-06-29,SPE-PEL,MAS-GDR,DN,01:00:00,04:00:00,180,01:00:00,04:00:00,180
2024-06-29,PYA-ODR,MAS-GDR,DN,01:00:00,03:00:00,120,01:00:00,03:00:00,120
2024-06-29,TRT-AJJN,TRL-KPD,UP,03:00:00,04:30:00,90,01:00:00,02:30:00,90
2024-06-29,NG YD,AJJ-RU,DN,01:30:00,04:00:00,150,01:30:00,04:00:00,150
2024-06-29,PUT-TDK,AJJ-RU,DN,01:30:00,03:30:00,120,01:30:00,03:30:00,120
2024-06-29,NYP-PYA,MAS-GDR,DN,01:45:00,04:25:00,160,01:45:00,04:25:00,160
2024-06-29,POI-TRT,AJJ-RU,UP,15:35:00,16:40:00,65,01:45:00,02:50:00,65
2024-06-29,RU-PDD,AJJ-RU,UP,00:00:00,03:00:00,180,01:45:00,04:45:00,180
2024-06-29,MDVE-SHU,TRL-KPD,DN,01:30:00,04:00:00,150,02:00:00,04:30:00,150
2024-06-29,NYP-PYA,MAS-GDR,UP,09:30:00,10:00:00,30,02:00:00,02:30:00,30
2024-06-29,CTRE-MDVE,TRL-KPD,DN,02:00:00,04:00:00,120,02:00:00,04:00:00,120
2024-06-29,NG-POI,AJJ-RU,UP,11:30:00,14:30:00,180,02:15:00,05:15:00,180
2024-06-29,PUT YD,AJJ-RU,UP,02:30:00,03:30:00,60,02:30:00,03:30:00,60
2024-06-29,TADA-SPE,MAS-GDR,DN,02:35:00,04:35:00,120,02:30:00,04:30:00,120
2024-06-29,VGA YD,AJJ-RU,DN,03:00:00,05:00:00,120,02:30:00,04:30:00,120
2024-06-29,VGA-PUT,AJJ-RU,UP,02:45:00,04:00:00,75,02:45:00,04:00:00,75
2024-06-29,DVR YD,MAS-GDR,DN,12:15:00,13:50:00,95,02:55:00,04:30:00,95
2024-06-29,POI-TRT,AJJ-RU,UP,03:00:00,04:15:00,75,03:00:00,04:15:00,75
2024-06-29,MCN-THL,TRL-KPD,DN,10:00:00,13:00:00,180,03:30:00,06:30:00,180
2024-06-29,PYA YD,MAS-GDR,DN,10:20:00,10:50:00,30,04:00:00,04:30:00,30
2024-06-29,PUDI YD,AJJ-RU,UP,11:15:00,12:30:00,75,04:00:00,05:15:00,75
2024-06-29,SHU YD,TRL-KPD,DN,12:00:00,14:00:00,120,04:30:00,06:30:00,120
2024-06-29,KVN YD,TRL-KPD,DN,12:50:00,14:50:00,120,04:30:00,06:30:00,120
2024-06-29,KPD YD,TRL-KPD,DN,12:30:00,14:30:00,120,04:30:00,06:30:00,120
2024-06-29,MDVE-SHU,TRL-KPD,DN,12:00:00,13:40:00,100,04:50:00,06:30:00,100
2024-06-29,MCN YD,TRL-KPD,DN,12:00:00,13:00:00,60,05:30:00,06:30:00,60
2024-06-29,SVUR YD,TRL-KPD,DN,13:05:00,13:45:00,40,05:50:00,06:30:00,40
2024-06-29,AJJ YD,TRL-KPD,DN,09:00:00,09:30:00,30,06:00:00,06:30:00,30
2024-06-29,MLPM YD,TRL-KPD,DN,15:45:00,16:15:00,30,06:00:00,06:30:00,30
2024-06-29,WJR YD,TRL-KPD,DN,12:05:00,12:30:00,25,06:05:00,06:30:00,25
2024-06-29,AKM YD,MAS-GDR,UP,22:15:00,23:15:00,60,22:30:00,23:30:00,60
2024-06-29,MDVE YD,TRL-KPD,UP,15:00:00,17:00:00,120,22:30:00,00:30:00,120
2024-06-29,SHU YD,TRL-KPD,UP,22:00:00,00:30:00,150,22:30:00,01:00:00,150
2024-06-29,NYP YD,MAS-GDR,UP,12:00:00,13:00:00,60,22:30:00,23:30:00,60
2024-06-29,DVR YD,MAS-GDR,UP,12:00:00,14:00:00,120,22:30:00,00:30:00,120
2024-06-29,PYA-NYP,MAS-GDR,UP,14:50:00,16:20:00,90,22:30:00,00:00:00,90
2024-06-29,KVN-LTI,MAS-GDR,UP,22:30:00,00:30:00,120,22:30:00,00:30:00,120
2024-06-29,LTI-KPD,TRL-KPD,UP,22:00:00,00:00:00,120,22:30:00,00:30:00,120
2024-06-29,TADA YD,MAS-GDR,UP,22:00:00,01:30:00,210,22:30:00,02:00:00,210
2024-06-29,THL-MCN,TRL-KPD,UP,22:20:00,00:10:00,110,22:30:00,00:20:00,110
2024-06-29,AKM-ELR,MAS-GDR,UP,22:55:00,00:25:00,90,22:55:00,00:25:00,90
2024-06-29,NYP-DVR,MAS-GDR,UP,23:05:00,01:05:00,120,23:05:00,01:05:00,120
2024-06-30,PYA-NYP,MAS-GDR,UP,00:00:00,02:00:00,120,00:00:00,02:00:00,120
2024-06-30,MLPM YD,TRL-KPD,UP,00:25:00,02:00:00,95,00:25:00,02:00:00,95
2024-06-30,PON-MJR,MAS-GDR,UP,09:30:00,11:30:00,120,00:30:00,02:30:00,120
2024-06-30,GPD YD,MAS-GDR,UP,00:30:00,00:55:00,25,00:30:00,00:55:00,25
2024-06-30,TADA-SPE,MAS-GDR,DN,00:55:00,02:55:00,120,00:55:00,02:55:00,120
2024-06-30,PON YD,MAS-GDR,DN,00:55:00,04:15:00,200,00:55:00,04:15:00,200
2024-06-30,PYA-ODR,MAS-GDR,DN,01:00:00,03:00:00,120,01:00:00,03:00:00,120
2024-06-30,VGA YD,AJJ-RU,DN,01:00:00,02:00:00,60,01:00:00,02:00:00,60
2024-06-30,NG YD,AJJ-RU,DN,01:00:00,03:00:00,120,01:00:00,03:00:00,120
2024-06-30,PUT-TDK,AJJ-RU,DN,01:20:00,03:00:00,100,01:20:00,03:00:00,100
2024-06-30,TRT-AJJN,TRL-KPD,UP,03:20:00,04:25:00,65,01:25:00,02:30:00,65
2024-06-30,POI-TRT,AJJ-RU,UP,15:32:00,16:36:00,64,01:45:00,02:49:00,64
2024-06-30,VGA-NG,AJJ-RU,UP,01:40:00,05:00:00,200,01:45:00,05:05:00,200
2024-06-30,RU-PDD,AJJ-RU,UP,01:10:00,03:55:00,165,01:45:00,04:30:00,165
2024-06-30,MDVE-SHU,TRL-KPD,DN,01:00:00,03:00:00,120,02:00:00,04:00:00,120
2024-06-30,NYP-PYA,MAS-GDR,DN,12:00:00,14:30:00,150,02:00:00,04:30:00,150
2024-06-30,CTRE-MDVE,TRL-KPD,DN,02:00:00,04:00:00,120,02:00:00,04:00:00,120
2024-06-30,PYA-NYP,MAS-GDR,UP,09:25:00,09:55:00,30,02:00:00,02:30:00,30
2024-06-30,MLPM YD,TRL-KPD,UP,12:10:00,12:40:00,30,02:00:00,02:30:00,30
2024-06-30,SPE-PEL,MAS-GDR,DN,02:15:00,04:15:00,120,02:15:00,04:15:00,120
2024-06-30,NG-POI,AJJ-RU,UP,11:30:00,14:30:00,180,02:15:00,05:15:00,180
2024-06-30,TRT YD,AJJ-RU,DN,02:15:00,04:30:00,135,02:15:00,04:30:00,135
2024-06-30,VGA YD,AJJ-RU,DN,03:30:00,05:30:00,120,02:30:00,04:30:00,120
2024-06-30,TADA-SPE,MAS-GDR,DN,04:45:00,06:10:00,85,03:05:00,04:30:00,85
2024-06-30,MCN-THL,TRL-KPD,DN,10:00:00,13:00:00,180,03:30:00,06:30:00,180
2024-06-30,DVR YD,MAS-GDR,DN,09:00:00,10:00:00,60,03:30:00,04:30:00,60
2024-06-30,KVN YD,TRL-KPD,DN,10:00:00,12:00:00,120,04:30:00,06:30:00,120
2024-06-30,PUDI YD,AJJ-RU,UP,11:00:00,11:45:00,45,04:30:00,05:15:00,45
2024-06-30,MDVE-SHU,TRL-KPD,DN,11:55:00,12:45:00,50,05:40:00,06:30:00,50
2024-06-30,MCN YD,TRL-KPD,DN,09:30:00,10:15:00,45,05:45:00,06:30:00,45
2024-06-30,SVUR YD,TRL-KPD,DN,13:30:00,14:10:00,40,05:50:00,06:30:00,40
2024-06-30,SHU YD,TRL-KPD,DN,12:40:00,13:10:00,30,06:00:00,06:30:00,30
2024-06-30,AKM YD,MAS-GDR,UP,22:00:00,01:00:00,180,22:30:00,01:30:00,180
2024-06-30,SHU YD,TRL-KPD,UP,16:40:00,17:10:00,30,22:30:00,23:00:00,30
2024-06-30,NYP YD,MAS-GDR,UP,15:30:00,16:30:00,60,22:30:00,23:30:00,60
2024-06-30,DVR YD,MAS-GDR,UP,13:30:00,14:15:00,45,22:30:00,23:15:00,45
2024-06-30,ODUR YD,MAS-GDR,UP,12:25:00,14:35:00,130,22:30:00,00:40:00,130
2024-06-30,PYA-NYP,MAS-GDR,UP,22:30:00,00:30:00,120,22:30:00,00:30:00,120
2024-06-30,KVN-LTI,MAS-GDR,UP,22:30:00,00:30:00,120,22:30:00,00:30:00,120
2024-06-30,NYP-DVR,MAS-GDR,UP,22:30:00,00:30:00,120,22:30:00,00:30:00,120
2024-06-30,PEL YD,MAS-GDR,UP,12:45:00,13:15:00,30,22:30:00,23:00:00,30
2024-06-30,LTI-KPD,TRL-KPD,UP,15:00:00,17:00:00,120,22:30:00,00:30:00,120
2024-06-30,THL-MCN,TRL-KPD,UP,16:40:00,17:45:00,65,22:30:00,23:35:00,65
2024-06-30,TMV-MTL,MAS-GDR,UP,22:30:00,00:20:00,110,22:30:00,00:20:00,110
2024-06-30,ELR YD,MAS-GDR,UP,22:55:00,01:55:00,180,22:55:00,01:55:00,180
2024-06-30,TNP YD,MAS-GDR,UP,23:00:00,00:30:00,90,23:00:00,00:30:00,90
2024-06-30,CTRE YD,TRL-KPD,UP,23:20:00,01:20:00,120,23:20:00,01:20:00,120
2024-06-30,NYP YD,MAS-GDR,UP,09:00:00,12:00:00,180,23:30:00,02:30:00,180
2024-06-30,MDVE YD,TRL-KPD,UP,23:45:00,01:45:00,120,23:45:00,01:45:00,120
2024-07-01,TADA YD,MAS-GDR,UP,00:00:00,02:00:00,120,00:00:00,02:00:00,120
2024-07-01,SHU YD,TRL-KPD,UP,00:05:00,02:15:00,130,00:05:00,02:15:00,130
2024-07-01,PON-MJR,MAS-GDR,UP,09:30:00,11:30:00,120,00:30:00,02:30:00,120
2024-07-01,NG YD,AJJ-RU,DN,00:00:00,02:00:00,120,00:30:00,02:30:00,120
2024-07-01,TRT YD,AJJ-RU,DN,00:00:00,02:00:00,120,00:30:00,02:30:00,120
2024-07-01,PYA-NYP,MAS-GDR,UP,09:00:00,10:30:00,90,01:00:00,02:30:00,90
2024-07-01,MLPM YD,TRL-KPD,UP,11:45:00,13:00:00,75,01:15:00,02:30:00,75
2024-07-01,SPE-PEL,MAS-GDR,DN,01:15:00,02:45:00,90,01:15:00,02:45:00,90
2024-07-01,PON YD,MAS-GDR,DN,01:15:00,04:15:00,180,01:15:00,04:15:00,180
2024-07-01,PUT-TDK,AJJ-RU,DN,01:20:00,03:00:00,100,01:20:00,03:00:00,100
2024-07-01,TRT-AJJN,TRL-KPD,UP,02:25:00,03:28:00,63,01:27:00,02:30:00,63
2024-07-01,KOK-TNP,MAS-GDR,UP,02:05:00,03:00:00,55,01:35:00,02:30:00,55
2024-07-01,RU-PDD,AJJ-RU,UP,01:00:00,03:30:00,150,01:45:00,04:15:00,150
2024-07-01,TUG YD,TRL-KPD,UP,12:00:00,12:40:00,40,01:50:00,02:30:00,40
2024-07-01,MDVE-SHU,TRL-KPD,DN,01:00:00,03:00:00,120,02:00:00,04:00:00,120
2024-07-01,TUG YD,TRL-KPD,DN,01:00:00,03:00:00,120,02:00:00,04:00:00,120
2024-07-01,CTRE-MDVE,TRL-KPD,DN,01:00:00,03:00:00,120,02:00:00,04:00:00,120
2024-07-01,VGA YD,AJJ-RU,DN,02:00:00,04:00:00,120,02:00:00,04:00:00,120
2024-07-01,POI-TRT,AJJ-RU,UP,02:05:00,03:05:00,60,02:05:00,03:05:00,60
2024-07-01,NYP-PYA,MAS-GDR,DN,03:20:00,05:40:00,140,02:10:00,04:30:00,140
2024-07-01,VGA-NG,AJJ-RU,UP,11:30:00,14:30:00,180,02:15:00,05:15:00,180
2024-07-01,NG-POI,AJJ-RU,UP,11:30:00,14:30:00,180,02:15:00,05:15:00,180
2024-07-01,TADA-SPE,MAS-GDR,DN,02:45:00,04:45:00,120,02:30:00,04:30:00,120
2024-07-01,TRT YD,AJJ-RU,DN,02:30:00,04:30:00,120,02:30:00,04:30:00,120
2024-07-01,MCN-THL,TRL-KPD,DN,10:00:00,13:00:00,180,03:30:00,06:30:00,180
2024-07-01,KVN YD,TRL-KPD,DN,03:50:00,05:20:00,90,03:50:00,05:20:00,90
2024-07-01,KPD YD,TRL-KPD,DN,12:00:00,14:00:00,120,04:30:00,06:30:00,120
2024-07-01,TRL YD,TRL-KPD,DN,12:10:00,13:40:00,90,05:00:00,06:30:00,90
2024-07-01,KVN YD,TRL-KPD,DN,14:30:00,15:30:00,60,05:30:00,06:30:00,60
2024-07-01,MCN YD,TRL-KPD,DN,11:10:00,11:50:00,40,05:50:00,06:30:00,40
2024-07-01,AJJ YD,TRL-KPD,DN,10:00:00,10:30:00,30,06:00:00,06:30:00,30
2024-07-01,SVUR YD,TRL-KPD,DN,11:20:00,11:50:00,30,06:00:00,06:30:00,30
2024-07-01,AKM YD,MAS-GDR,UP,22:20:00,00:55:00,155,22:30:00,01:05:00,155
2024-07-01,MDVE YD,TRL-KPD,UP,22:00:00,00:00:00,120,22:30:00,00:30:00,120
2024-07-01,SHU YD,TRL-KPD,UP,15:30:00,17:30:00,120,22:30:00,00:30:00,120
2024-07-01,DVR YD,MAS-GDR,UP,13:05:00,13:35:00,30,22:30:00,23:00:00,30
2024-07-01,ODUR YD,MAS-GDR,UP,15:00:00,17:00:00,120,22:30:00,00:30:00,120
2024-07-01,PYA-NYP,MAS-GDR,UP,12:30:00,14:30:00,120,22:30:00,00:30:00,120
2024-07-01,NYP-DVR,MAS-GDR,UP,15:45:00,17:45:00,120,22:30:00,00:30:00,120
2024-07-01,LTI-KPD,TRL-KPD,UP,15:00:00,17:00:00,120,22:30:00,00:30:00,120
2024-07-01,SVUR-THL,TRL-KPD,UP,21:30:00,00:30:00,180,22:30:00,01:30:00,180
2024-07-01,THL-MCN,TRL-KPD,UP,15:40:00,16:40:00,60,22:30:00,23:30:00,60
2024-07-01,PON-MJR,MAS-GDR,UP,23:00:00,01:00:00,120,23:00:00,01:00:00,120
2024-07-01,KVN-LTI,MAS-GDR,UP,23:05:00,00:25:00,80,23:05:00,00:25:00,80
2024-07-02,PEL YD,MAS-GDR,UP,09:00:00,11:30:00,150,00:00:00,02:30:00,150
2024-07-02,SHU YD,TRL-KPD,UP,10:00:00,12:00:00,120,00:30:00,02:30:00,120
2024-07-02,PEL-DVR,MAS-GDR,DN,01:30:00,05:30:00,240,00:30:00,04:30:00,240
2024-07-02,TRT YD,AJJ-RU,DN,00:30:00,02:30:00,120,00:30:00,02:30:00,120
2024-07-02,PUT-TDK,AJJ-RU,DN,00:45:00,02:00:00,75,00:45:00,02:00:00,75
2024-07-02,CTRE YD,TRL-KPD,UP,01:40:00,03:15:00,95,00:55:00,02:30:00,95
2024-07-02,VGA YD,AJJ-RU,DN,00:55:00,02:40:00,105,00:55:00,02:40:00,105
2024-07-02,NYP YD,MAS-GDR,UP,09:00:00,10:30:00,90,01:00:00,02:30:00,90
2024-07-02,PYA-NYP,MAS-GDR,UP,09:00:00,10:30:00,90,01:00:00,02:30:00,90
2024-07-02,PON-MJR,MAS-GDR,UP,09:30:00,11:00:00,90,01:00:00,02:30:00,90
2024-07-02,ELR YD,MAS-GDR,UP,01:45:00,02:50:00,65,01:25:00,02:30:00,65
2024-07-02,MLPM YD,TRL-KPD,UP,10:30:00,11:30:00,60,01:30:00,02:30:00,60
2024-07-02,KVN YD,TRL-KPD,UP,10:30:00,11:30:00,60,01:30:00,02:30:00,60
2024-07-02,POI-TRT,AJJ-RU,UP,16:40:00,17:40:00,60,01:45:00,02:45:00,60
2024-07-02,RU-PDD,AJJ-RU,UP,00:00:00,02:30:00,150,01:45:00,04:15:00,150
2024-07-02,MDVE-SHU,TRL-KPD,DN,01:00:00,03:00:00,120,02:00:00,04:00:00,120
2024-07-02,TUG YD,TRL-KPD,UP,10:45:00,11:15:00,30,02:00:00,02:30:00,30
2024-07-02,AJJ YD,TRL-KPD,DN,23:30:00,02:00:00,150,02:00:00,04:30:00,150
2024-07-02,TUG YD,TRL-KPD,DN,01:00:00,03:00:00,120,02:00:00,04:00:00,120
2024-07-02,CTRE-MDVE,TRL-KPD,DN,01:00:00,03:00:00,120,02:00:00,04:00:00,120
2024-07-02,PON YD,MAS-GDR,DN,02:00:00,04:30:00,150,02:00:00,04:30:00,150
2024-07-02,KBT YD,TRL-KPD,DN,00:15:00,04:00:00,225,02:00:00,05:45:00,225
2024-07-02,VGA-NG,AJJ-RU,UP,11:30:00,14:30:00,180,02:15:00,05:15:00,180
2024-07-02,NG-POI,AJJ-RU,UP,11:30:00,14:30:00,180,02:15:00,05:15:00,180
2024-07-02,NYP-PYA,MAS-GDR,DN,02:55:00,05:00:00,125,02:25:00,04:30:00,125
2024-07-02,TADA-SPE,MAS-GDR,DN,02:25:00,04:25:00,120,02:25:00,04:25:00,120
2024-07-02,VGA YD,AJJ-RU,DN,05:00:00,05:50:00,50,03:40:00,04:30:00,50
2024-07-02,MCN-THL,TRL-KPD,DN,10:00:00,12:30:00,150,04:00:00,06:30:00,150
2024-07-02,KPD YD,TRL-KPD,DN,12:00:00,14:00:00,120,04:30:00,06:30:00,120
2024-07-02,KVN YD,TRL-KPD,DN,11:30:00,12:30:00,60,05:30:00,06:30:00,60
2024-07-02,AJJ YD,TRL-KPD,DN,09:20:00,09:50:00,30,06:00:00,06:30:00,30
2024-07-02,MCN YD,TRL-KPD,DN,13:10:00,13:40:00,30,06:00:00,06:30:00,30
2024-07-02,SVUR YD,TRL-KPD,DN,12:15:00,12:45:00,30,06:00:00,06:30:00,30
2024-07-02,AKM YD,MAS-GDR,UP,15:30:00,17:30:00,120,22:30:00,00:30:00,120
2024-07-02,CTRE-MDVE,TRL-KPD,UP,22:00:00,00:30:00,150,22:30:00,01:00:00,150
2024-07-02,PON YD,MAS-GDR,UP,00:00:00,04:00:00,240,22:30:00,02:30:00,240
2024-07-02,ODUR YD,MAS-GDR,UP,15:10:00,17:00:00,110,22:30:00,00:20:00,110
2024-07-02,MCN YD,TRL-KPD,UP,21:50:00,01:00:00,190,22:30:00,01:40:00,190
2024-07-02,PYA-NYP,MAS-GDR,UP,15:00:00,17:00:00,120,22:30:00,00:30:00,120
2024-07-02,MLPM YD,TRL-KPD,UP,22:00:00,02:00:00,240,22:30:00,02:30:00,240
2024-07-02,NYP-DVR,MAS-GDR,UP,15:00:00,17:00:00,120,22:30:00,00:30:00,120
2024-07-02,PEL YD,MAS-GDR,UP,22:30:00,01:30:00,180,22:30:00,01:30:00,180
2024-07-02,LTI-KPD,TRL-KPD,UP,15:00:00,17:00:00,120,22:30:00,00:30:00,120
2024-07-02,SVUR-THL,TRL-KPD,UP,21:30:00,00:30:00,180,22:30:00,01:30:00,180
2024-07-02,CTRE YD,TRL-KPD,UP,23:00:00,01:00:00,120,23:00:00,01:00:00,120
2024-07-02,TUG YD,TRL-KPD,UP,23:40:00,01:40:00,120,23:40:00,01:40:00,120
2024-07-03,AKM YD,MAS-GDR,DN,21:40:00,01:00:00,200,00:00:00,03:20:00,200
2024-07-03,SHU YD,TRL-KPD,UP,10:00:00,12:00:00,120,00:30:00,02:30:00,120
2024-07-03,PON-MJR,MAS-GDR,UP,00:30:00,02:15:00,105,00:30:00,02:15:00,105
2024-07-03,PEL-DVR,MAS-GDR,DN,02:10:00,06:00:00,230,00:40:00,04:30:00,230
2024-07-03,NYP YD,MAS-GDR,UP,09:00:00,10:30:00,90,01:00:00,02:30:00,90
2024-07-03,VGA YD,AJJ-RU,DN,01:00:00,02:40:00,100,01:00:00,02:40:00,100
2024-07-03,PUT-TDK,AJJ-RU,DN,01:05:00,01:40:00,35,01:05:00,01:40:00,35
2024-07-03,TADA-SPE,MAS-GDR,DN,01:30:00,03:30:00,120,01:30:00,03:30:00,120
2024-07-03,PEL YD,MAS-GDR,DN,11:30:00,14:30:00,180,01:30:00,04:30:00,180
2024-07-03,PEL YD,MAS-GDR,UP,10:30:00,11:30:00,60,01:30:00,02:30:00,60
2024-07-03,PYA-NYP,MAS-GDR,UP,10:05:00,10:50:00,45,01:45:00,02:30:00,45
2024-07-03,POI-TRT,AJJ-RU,UP,23:50:00,00:40:00,50,01:45:00,02:35:00,50
2024-07-03,NG-POI,AJJ-RU,UP,15:30:00,17:00:00,90,01:45:00,03:15:00,90
2024-07-03,RU-PDD,AJJ-RU,UP,00:00:00,02:30:00,150,01:45:00,04:15:00,150
2024-07-03,MDVE-SHU,TRL-KPD,DN,01:30:00,03:30:00,120,02:00:00,04:00:00,120
2024-07-03,AJJ YD,TRL-KPD,DN,01:00:00,03:00:00,120,02:00:00,04:00:00,120
2024-07-03,KBT YD,TRL-KPD,DN,01:10:00,04:50:00,220,02:00:00,05:40:00,220
2024-07-03,TRT YD,AJJ-RU,DN,02:00:00,04:00:00,120,02:00:00,04:00:00,120
2024-07-03,VGA-NG,AJJ-RU,UP,11:30:00,14:30:00,180,02:15:00,05:15:00,180
2024-07-03,PON YD,MAS-GDR,DN,03:00:00,05:10:00,130,02:20:00,04:30:00,130
2024-07-03,NYP-PYA,MAS-GDR,DN,12:00:00,14:00:00,120,02:30:00,04:30:00,120
2024-07-03,POI YD,AJJ-RU,UP,02:35:00,04:38:00,123,02:35:00,04:38:00,123
2024-07-03,MCN-THL,TRL-KPD,DN,10:00:00,12:30:00,150,04:00:00,06:30:00,150
2024-07-03,KVN YD,TRL-KPD,DN,12:00:00,13:00:00,60,05:30:00,06:30:00,60
2024-07-03,AJJ YD,TRL-KPD,DN,11:00:00,11:30:00,30,06:00:00,06:30:00,30
2024-07-03,AKM YD,MAS-GDR,UP,21:40:00,01:00:00,200,22:30:00,01:50:00,200
2024-07-03,PON YD,MAS-GDR,UP,22:30:00,02:30:00,240,22:30:00,02:30:00,240
2024-07-03,MCN YD,TRL-KPD,UP,22:00:00,00:00:00,120,22:30:00,00:30:00,120
2024-07-03,PYA-NYP,MAS-GDR,UP,12:10:00,13:45:00,95,22:30:00,00:05:00,95
2024-07-03,MLPM YD,TRL-KPD,UP,22:00:00,02:00:00,240,22:30:00,02:30:00,240
2024-07-03,NYP-DVR,MAS-GDR,UP,15:00:00,17:00:00,120,22:30:00,00:30:00,120
2024-07-03,PYA YD,MAS-GDR,UP,14:00:00,16:30:00,150,22:30:00,01:00:00,150
2024-07-03,KVN YD,TRL-KPD,UP,21:35:00,00:05:00,150,22:30:00,01:00:00,150
2024-07-03,PEL YD,MAS-GDR,UP,22:30:00,01:30:00,180,22:30:00,01:30:00,180
2024-07-03,CTRE YD,TRL-KPD,UP,22:00:00,00:30:00,150,22:30:00,01:00:00,150
2024-07-03,SVUR-THL,TRL-KPD,UP,14:30:00,16:30:00,120,22:30:00,00:30:00,120
2024-07-03,LTI-KPD,TRL-KPD,UP,23:15:00,01:00:00,105,23:15:00,01:00:00,105
2024-07-03,SHU YD,TRL-KPD,UP,23:30:00,01:30:00,120,23:30:00,01:30:00,120
2024-07-03,PON-MJR,MAS-GDR,UP,23:55:00,01:20:00,85,23:55:00,01:20:00,85
2024-07-04,TRT YD,AJJ-RU,DN,00:00:00,02:00:00,120,00:30:00,02:30:00,120
2024-07-04,PEL-DVR,MAS-GDR,DN,01:20:00,05:00:00,220,00:50:00,04:30:00,220
2024-07-04,AKM YD,MAS-GDR,DN,00:55:00,03:55:00,180,00:55:00,03:55:00,180
2024-07-04,NYP YD,MAS-GDR,UP,09:40:00,10:40:00,60,01:30:00,02:30:00,60
2024-07-04,PEL YD,MAS-GDR,DN,11:30:00,14:30:00,180,01:30:00,04:30:00,180
2024-07-04,PON YD,MAS-GDR,DN,01:30:00,03:30:00,120,01:30:00,03:30:00,120
2024-07-04,PYA-NYP,MAS-GDR,UP,09:15:00,10:00:00,45,01:45:00,02:30:00,45
2024-07-04,NG-POI,AJJ-RU,UP,15:30:00,17:00:00,90,01:45:00,03:15:00,90
2024-07-04,RU-PDD,AJJ-RU,UP,00:20:00,02:34:00,134,01:45:00,03:59:00,134
2024-07-04,MDVE-SHU,TRL-KPD,DN,01:30:00,03:30:00,120,02:00:00,04:00:00,120
2024-07-04,AJJ YD,TRL-KPD,DN,01:00:00,03:00:00,120,02:00:00,04:00:00,120
2024-07-04,VGA-NG,AJJ-RU,UP,11:30:00,14:30:00,180,02:15:00,05:15:00,180
2024-07-04,POI YD,AJJ-RU,UP,12:00:00,14:00:00,120,03:15:00,05:15:00,120
2024-07-04,NYP-PYA,MAS-GDR,DN,08:50:00,10:00:00,70,03:20:00,04:30:00,70
2024-07-04,TADA-SPE,MAS-GDR,DN,12:30:00,13:40:00,70,03:20:00,04:30:00,70
2024-07-04,MCN-THL,TRL-KPD,DN,10:00:00,12:30:00,150,04:00:00,06:30:00,150
2024-07-04,KVN YD,TRL-KPD,DN,11:25:00,11:55:00,30,06:00:00,06:30:00,30
2024-07-04,AKM YD,MAS-GDR,UP,16:00:00,16:50:00,50,22:30:00,23:20:00,50
2024-07-04,PON YD,MAS-GDR,UP,23:30:00,03:30:00,240,22:30:00,02:30:00,240
2024-07-04,MCN YD,TRL-KPD,UP,21:35:00,23:05:00,90,22:30:00,00:00:00,90
2024-07-04,PYA-NYP,MAS-GDR,UP,13:20:00,14:40:00,80,22:30:00,23:50:00,80
2024-07-04,MLPM YD,TRL-KPD,UP,12:10:00,15:45:00,215,22:30:00,02:05:00,215
2024-07-04,NYP-DVR,MAS-GDR,UP,15:00:00,17:00:00,120,22:30:00,00:30:00,120
2024-07-04,PYA YD,MAS-GDR,UP,21:00:00,23:00:00,120,22:30:00,00:30:00,120
2024-07-04,KVN YD,TRL-KPD,UP,22:15:00,00:30:00,135,22:30:00,00:45:00,135
2024-07-04,PEL YD,MAS-GDR,UP,22:00:00,01:00:00,180,22:30:00,01:30:00,180
2024-07-04,CTRE YD,TRL-KPD,UP,22:30:00,00:30:00,120,22:30:00,00:30:00,120
2024-07-04,LTI-KPD,TRL-KPD,UP,16:05:00,17:10:00,65,22:30:00,23:35:00,65
2024-07-04,AKM-TADA,MAS-GDR,UP,22:30:00,01:30:00,180,22:30:00,01:30:00,180
2024-07-04,SVUR-THL,TRL-KPD,UP,14:30:00,16:30:00,120,22:30:00,00:30:00,120
2024-07-04,AJJ YD,TRL-KPD,UP,22:45:00,00:15:00,90,22:45:00,00:15:00,90
2024-07-04,SHU YD,TRL-KPD,UP,23:00:00,01:00:00,120,23:00:00,01:00:00,120
2024-07-04,KBT YD,TRL-KPD,UP,23:00:00,01:30:00,150,23:00:00,01:30:00,150
2024-07-04,AKM YD,MAS-GDR,UP,23:25:00,01:50:00,145,23:25:00,01:50:00,145
2024-07-05,AKM YD,MAS-GDR,DN,00:00:00,03:00:00,180,00:00:00,03:00:00,180
2024-07-05,MDVE-CTRE,TRL-KPD,UP,00:10:00,01:50:00,100,00:10:00,01:50:00,100
2024-07-05,PON-MJR,MAS-GDR,UP,00:30:00,01:30:00,60,00:30:00,01:30:00,60
2024-07-05,TRT YD,AJJ-RU,DN,00:00:00,02:00:00,120,00:30:00,02:30:00,120
2024-07-05,PEL-DVR,MAS-GDR,DN,01:00:00,04:30:00,210,01:00:00,04:30:00,210
2024-07-05,VGA YD,AJJ-RU,UP,01:00:00,04:00:00,180,01:45:00,04:45:00,180
2024-07-05,POI YD,AJJ-RU,UP,00:00:00,02:00:00,120,01:45:00,03:45:00,120
2024-07-05,NG-POI,AJJ-RU,UP,15:30:00,17:00:00,90,01:45:00,03:15:00,90
2024-07-05,RU-PDD,AJJ-RU,UP,01:50:00,03:58:00,128,01:50:00,03:58:00,128
2024-07-05,MDVE-SHU,TRL-KPD,DN,01:30:00,03:30:00,120,02:00:00,04:00:00,120
2024-07-05,PEL YD,MAS-GDR,DN,09:00:00,11:30:00,150,02:00:00,04:30:00,150
2024-07-05,PON YD,MAS-GDR,DN,02:10:00,04:10:00,120,02:10:00,04:10:00,120
2024-07-05,VGA-NG,AJJ-RU,UP,11:30:00,14:30:00,180,02:15:00,05:15:00,180
2024-07-05,TDK-PUT,AJJ-RU,DN,03:00:00,05:00:00,120,02:30:00,04:30:00,120
2024-07-05,NYP-PYA,MAS-GDR,DN,12:45:00,13:30:00,45,03:45:00,04:30:00,45
2024-07-05,MCN-THL,TRL-KPD,DN,12:30:00,14:30:00,120,04:30:00,06:30:00,120
2024-07-05,MCN YD,TRL-KPD,UP,13:00:00,14:20:00,80,22:30:00,23:50:00,80
2024-07-05,PYA-NYP,MAS-GDR,UP,16:10:00,17:30:00,80,22:30:00,23:50:00,80
2024-07-05,MLPM YD,TRL-KPD,UP,22:30:00,01:55:00,205,22:30:00,01:55:00,205
2024-07-05,NYP-DVR,MAS-GDR,UP,15:00:00,17:00:00,120,22:30:00,00:30:00,120
2024-07-05,PYA YD,MAS-GDR,UP,15:45:00,17:15:00,90,22:30:00,00:00:00,90
2024-07-05,KVN YD,TRL-KPD,UP,21:30:00,23:30:00,120,22:30:00,00:30:00,120
2024-07-05,CTRE YD,TRL-KPD,UP,14:30:00,15:30:00,60,22:30:00,23:30:00,60
2024-07-05,SVUR-THL,TRL-KPD,UP,14:30:00,16:30:00,120,22:30:00,00:30:00,120
2024-07-05,PON YD,MAS-GDR,UP,23:00:00,01:55:00,175,23:00:00,01:55:00,175
2024-07-05,AKM YD,MAS-GDR,UP,23:15:00,00:15:00,60,23:15:00,00:15:00,60
2024-07-05,PEL YD,MAS-GDR,UP,23:20:00,00:50:00,90,23:20:00,00:50:00,90
2024-07-05,AKM-TADA,MAS-GDR,UP,23:35:00,01:05:00,90,23:35:00,01:05:00,90
2024-07-06,AKM YD,MAS-GDR,DN,00:00:00,03:00:00,180,00:00:00,03:00:00,180
2024-07-06,PON-MJR,MAS-GDR,UP,00:25:00,01:20:00,55,00:25:00,01:20:00,55
2024-07-06,MDVE-CTRE,TRL-KPD,UP,00:25:00,01:50:00,85,00:25:00,01:50:00,85
2024-07-06,PEL YD,MAS-GDR,UP,00:55:00,01:55:00,60,00:55:00,01:55:00,60
2024-07-06,AKM YD,MAS-GDR,UP,02:00:00,03:30:00,90,01:00:00,02:30:00,90
2024-07-06,PEL-DVR,MAS-GDR,DN,02:00:00,05:20:00,200,01:10:00,04:30:00,200
2024-07-06,PEL YD,MAS-GDR,DN,01:15:00,03:15:00,120,01:15:00,03:15:00,120
2024-07-06,POI YD,AJJ-RU,UP,01:05:00,03:05:00,120,01:45:00,03:45:00,120
2024-07-06,NG-POI,AJJ-RU,UP,01:20:00,02:20:00,60,01:45:00,02:45:00,60
2024-07-06,MLPM YD,TRL-KPD,UP,12:05:00,12:40:00,35,01:55:00,02:30:00,35
2024-07-06,RU-PDD,AJJ-RU,UP,01:55:00,04:00:00,125,01:55:00,04:00:00,125
2024-07-06,MDVE-SHU,TRL-KPD,DN,01:30:00,03:30:00,120,02:00:00,04:00:00,120
2024-07-06,TRT YD,AJJ-RU,DN,02:00:00,04:00:00,120,02:00:00,04:00:00,120
2024-07-06,VGA-NG,AJJ-RU,UP,11:30:00,14:30:00,180,02:15:00,05:15:00,180
2024-07-06,BBQ YD,MAS-GDR,DN,02:30:00,03:10:00,40,02:30:00,03:10:00,40
2024-07-06,TDK-PUT,AJJ-RU,DN,03:00:00,05:00:00,120,02:30:00,04:30:00,120
2024-07-06,VGA YD,AJJ-RU,UP,13:00:00,15:00:00,120,03:15:00,05:15:00,120
2024-07-06,NYP-PYA,MAS-GDR,DN,09:35:00,10:15:00,40,03:50:00,04:30:00,40
2024-07-06,MCN-THL,TRL-KPD,DN,12:35:00,14:00:00,85,05:05:00,06:30:00,85
2024-07-06,MCN YD,TRL-KPD,UP,13:30:00,14:45:00,75,22:30:00,23:45:00,75
2024-07-06,PYA-NYP,MAS-GDR,UP,13:25:00,14:35:00,70,22:30:00,23:40:00,70
2024-07-06,MLPM YD,TRL-KPD,UP,22:30:00,01:30:00,180,22:30:00,01:30:00,180
2024-07-06,NYP-DVR,MAS-GDR,UP,15:00:00,17:00:00,120,22:30:00,00:30:00,120
2024-07-06,PYA YD,MAS-GDR,UP,14:25:00,15:25:00,60,22:30:00,23:30:00,60
2024-07-06,PEL YD,MAS-GDR,UP,22:15:00,23:15:00,60,22:30:00,23:30:00,60
2024-07-06,CTRE YD,TRL-KPD,UP,16:00:00,16:30:00,30,22:30:00,23:00:00,30
2024-07-06,SVUR-THL,TRL-KPD,UP,14:30:00,16:30:00,120,22:30:00,00:30:00,120
2024-07-06,TUG YD,TRL-KPD,UP,23:00:00,01:40:00,160,23:00:00,01:40:00,160
2024-07-06,KVN YD,TRL-KPD,UP,23:00:00,01:00:00,120,23:00:00,01:00:00,120
2024-07-06,PON YD,MAS-GDR,UP,23:10:00,01:50:00,160,23:10:00,01:50:00,160
2024-07-06,PEL YD,MAS-GDR,UP,23:40:00,01:00:00,80,23:40:00,01:00:00,80
2024-07-07,MDVE-CTRE,TRL-KPD,UP,00:00:00,01:10:00,70,00:00:00,01:10:00,70
2024-07-07,AKM YD,MAS-GDR,UP,00:15:00,01:45:00,90,00:15:00,01:45:00,90
2024-07-07,TRT YD,AJJ-RU,DN,00:15:00,02:10:00,115,00:30:00,02:25:00,115
2024-07-07,PON-MJR,MAS-GDR,UP,00:40:00,01:25:00,45,00:40:00,01:25:00,45
2024-07-07,PEL YD,MAS-GDR,UP,01:10:00,02:00:00,50,01:10:00,02:00:00,50
2024-07-07,PEL-DVR,MAS-GDR,DN,01:30:00,04:50:00,200,01:10:00,04:30:00,200
2024-07-07,MLPM YD,TRL-KPD,UP,11:05:00,12:05:00,60,01:30:00,02:30:00,60
2024-07-07,PEL YD,MAS-GDR,DN,01:30:00,03:15:00,105,01:30:00,03:15:00,105
2024-07-07,VGA YD,AJJ-RU,UP,22:30:00,00:30:00,120,01:45:00,03:45:00,120
2024-07-07,POI YD,AJJ-RU,UP,23:00:00,01:00:00,120,01:45:00,03:45:00,120
2024-07-07,RU-PDD,AJJ-RU,UP,00:00:00,02:00:00,120,01:45:00,03:45:00,120
2024-07-07,PON YD,MAS-GDR,UP,02:55:00,03:35:00,40,01:50:00,02:30:00,40
2024-07-07,MDVE-SHU,TRL-KPD,DN,01:00:00,03:00:00,120,02:00:00,04:00:00,120
2024-07-07,AKM YD,MAS-GDR,DN,11:30:00,14:00:00,150,02:00:00,04:30:00,150
2024-07-07,NG-POI,AJJ-RU,UP,02:10:00,02:56:00,46,02:10:00,02:56:00,46
2024-07-07,VGA-NG,AJJ-RU,UP,11:30:00,14:30:00,180,02:15:00,05:15:00,180
2024-07-07,KPD YD,TRL-KPD,DN,10:00:00,14:00:00,240,02:30:00,06:30:00,240
2024-07-07,RU-PDD,AJJ-RU,UP,11:00:00,12:30:00,90,03:45:00,05:15:00,90
2024-07-07,NYP-PYA,MAS-GDR,DN,12:00:00,12:30:00,30,04:00:00,04:30:00,30
2024-07-07,MCN-THL,TRL-KPD,DN,13:35:00,14:35:00,60,05:30:00,06:30:00,60
2024-07-07,MCN YD,TRL-KPD,UP,12:30:00,13:30:00,60,22:30:00,23:30:00,60
2024-07-07,PYA-NYP,MAS-GDR,UP,15:00:00,16:00:00,60,22:30:00,23:30:00,60
2024-07-07,MLPM YD,TRL-KPD,UP,22:00:00,00:30:00,150,22:30:00,01:00:00,150
2024-07-07,PYA YD,MAS-GDR,UP,15:30:00,16:30:00,60,22:30:00,23:30:00,60
2024-07-07,KVN YD,TRL-KPD,UP,21:40:00,22:50:00,70,22:30:00,23:40:00,70
2024-07-07,SVUR-THL,TRL-KPD,UP,14:30:00,16:30:00,120,22:30:00,00:30:00,120
2024-07-07,NYP-DVR,MAS-GDR,UP,22:45:00,00:15:00,90,22:45:00,00:15:00,90
2024-07-07,PEL YD,MAS-GDR,UP,22:55:00,23:55:00,60,22:55:00,23:55:00,60
2024-07-07,TUG YD,TRL-KPD,UP,23:00:00,01:30:00,150,23:00:00,01:30:00,150
2024-07-07,PON YD,MAS-GDR,UP,23:00:00,01:30:00,150,23:00:00,01:30:00,150
2024-07-08,AKM YD,MAS-GDR,UP,00:05:00,01:09:00,64,00:05:00,01:09:00,64
2024-07-08,PEL-DVR,MAS-GDR,DN,01:55:00,05:15:00,200,01:10:00,04:30:00,200
2024-07-08,AKM YD,MAS-GDR,DN,01:15:00,03:15:00,120,01:15:00,03:15:00,120
2024-07-08,PEL YD,MAS-GDR,UP,01:15:00,02:00:00,45,01:15:00,02:00:00,45
2024-07-08,TBM YD,MAS-GDR,DN,01:40:00,03:50:00,130,01:40:00,03:50:00,130
2024-07-08,VGA YD,AJJ-RU,UP,00:00:00,02:00:00,120,01:45:00,03:45:00,120
2024-07-08,RU-PDD,AJJ-RU,UP,00:35:00,01:25:00,50,01:45:00,02:35:00,50
2024-07-08,MDVE-SHU,TRL-KPD,DN,01:00:00,03:00:00,120,02:00:00,04:00:00,120
2024-07-08,PEL YD,MAS-GDR,DN,02:00:00,03:10:00,70,02:00:00,03:10:00,70
2024-07-08,POI YD,AJJ-RU,UP,02:15:00,04:00:00,105,02:15:00,04:00:00,105
2024-07-08,VGA-NG,AJJ-RU,UP,11:30:00,14:30:00,180,02:15:00,05:15:00,180
2024-07-08,KPD YD,TRL-KPD,DN,10:00:00,14:00:00,240,02:30:00,06:30:00,240
2024-07-08,RU-PDD,AJJ-RU,UP,14:00:00,16:00:00,120,03:15:00,05:15:00,120
2024-07-08,NYP-PYA,MAS-GDR,DN,12:00:00,12:30:00,30,04:00:00,04:30:00,30
2024-07-08,TUG YD,TRL-KPD,UP,22:00:00,00:30:00,150,22:30:00,01:00:00,150
2024-07-08,MCN YD,TRL-KPD,UP,13:55:00,14:20:00,25,22:30:00,22:55:00,25
2024-07-08,MLPM YD,TRL-KPD,UP,22:00:00,00:30:00,150,22:30:00,01:00:00,150
2024-07-08,KVN YD,TRL-KPD,UP,12:10:00,13:10:00,60,22:30:00,23:30:00,60
2024-07-08,SVUR-THL,TRL-KPD,UP,22:30:00,00:30:00,120,22:30:00,00:30:00,120
2024-07-08,PON YD,MAS-GDR,UP,23:00:00,01:00:00,120,23:00:00,01:00:00,120
2024-07-08,NYP-DVR,MAS-GDR,UP,23:15:00,00:45:00,90,23:15:00,00:45:00,90
2024-07-08,PEL YD,MAS-GDR,UP,23:20:00,00:20:00,60,23:20:00,00:20:00,60
2024-07-09,AKM YD,MAS-GDR,UP,00:40:00,01:40:00,60,00:40:00,01:40:00,60
2024-07-09,PEL-DVR,MAS-GDR,DN,01:10:00,04:30:00,200,01:10:00,04:30:00,200
2024-07-09,AKM YD,MAS-GDR,DN,01:55:00,03:00:00,65,01:55:00,03:00:00,65
2024-07-09,MDVE-SHU,TRL-KPD,DN,02:00:00,04:00:00,120,02:00:00,04:00:00,120
2024-07-09,TBM YD,MAS-GDR,DN,02:00:00,02:50:00,50,02:00:00,02:50:00,50
2024-07-09,VGA-NG,AJJ-RU,UP,11:30:00,14:30:00,180,02:15:00,05:15:00,180
2024-07-09,KPD YD,TRL-KPD,DN,10:00:00,14:00:00,240,02:30:00,06:30:00,240
2024-07-09,RU-PDD,AJJ-RU,UP,11:00:00,12:30:00,90,03:45:00,05:15:00,90
2024-07-09,NYP-PYA,MAS-GDR,DN,09:50:00,10:15:00,25,04:05:00,04:30:00,25
2024-07-09,TUG YD,TRL-KPD,UP,22:00:00,00:30:00,150,22:30:00,01:00:00,150
2024-07-09,MCN YD,TRL-KPD,UP,12:35:00,13:00:00,25,22:30:00,22:55:00,25
2024-07-09,NYP-DVR,MAS-GDR,UP,22:30:00,00:00:00,90,22:30:00,00:00:00,90
2024-07-09,KVN YD,TRL-KPD,UP,15:30:00,16:30:00,60,22:30:00,23:30:00,60
2024-07-09,SVUR-THL,TRL-KPD,UP,14:30:00,16:30:00,120,22:30:00,00:30:00,120
2024-07-09,MDVE-CTRE,TRL-KPD,UP,22:00:00,01:00:00,180,22:30:00,01:30:00,180
2024-07-10,PON YD,MAS-GDR,UP,01:00:00,03:00:00,120,00:30:00,02:30:00,120
2024-07-10,PEL-DVR,MAS-GDR,DN,02:20:00,05:20:00,180,01:30:00,04:30:00,180
2024-07-10,VGA-NG,AJJ-RU,UP,15:30:00,17:30:00,120,01:45:00,03:45:00,120
2024-07-10,MDVE-SHU,TRL-KPD,DN,02:00:00,04:00:00,120,02:00:00,04:00:00,120
2024-07-10,KPD YD,TRL-KPD,DN,10:00:00,14:00:00,240,02:30:00,06:30:00,240
2024-07-10,RU-PDD,AJJ-RU,UP,11:00:00,12:30:00,90,03:45:00,05:15:00,90
2024-07-10,TUG YD,TRL-KPD,UP,22:00:00,00:30:00,150,22:30:00,01:00:00,150
2024-07-10,AJJ YD,TRL-KPD,UP,22:00:00,00:30:00,150,22:30:00,01:00:00,150
2024-07-10,NYP-DVR,MAS-GDR,UP,13:40:00,15:10:00,90,22:30:00,00:00:00,90
2024-07-10,KVN YD,TRL-KPD,UP,13:00:00,14:00:00,60,22:30:00,23:30:00,60
2024-07-10,SVUR-THL,TRL-KPD,UP,14:30:00,16:30:00,120,22:30:00,00:30:00,120
2024-07-10,MDVE-CTRE,TRL-KPD,UP,22:00:00,01:00:00,180,22:30:00,01:30:00,180
2024-07-11,PON YD,MAS-GDR,UP,00:00:00,02:00:00,120,00:00:00,02:00:00,120
2024-07-11,PEL-DVR,MAS-GDR,DN,01:00:00,04:00:00,180,01:00:00,04:00:00,180
2024-07-11,DVR-NYP,MAS-GDR,DN,12:00:00,15:00:00,180,01:30:00,04:30:00,180
2024-07-11,MDVE-SHU,TRL-KPD,DN,01:00:00,02:50:00,110,02:00:00,03:50:00,110
2024-07-11,VGA-NG,AJJ-RU,UP,02:05:00,04:05:00,120,02:05:00,04:05:00,120
2024-07-11,KPD YD,TRL-KPD,DN,10:00:00,13:30:00,210,03:00:00,06:30:00,210
2024-07-11,TUG YD,TRL-KPD,UP,22:00:00,00:30:00,150,22:30:00,01:00:00,150
2024-07-11,NYP-DVR,MAS-GDR,UP,16:10:00,17:40:00,90,22:30:00,00:00:00,90
2024-07-11,KVN YD,TRL-KPD,UP,15:58:00,16:38:00,40,22:30:00,23:10:00,40
2024-07-11,MDVE-CTRE,TRL-KPD,UP,22:00:00,01:00:00,180,22:30:00,01:30:00,180
2024-07-11,AJJ YD,TRL-KPD,UP,22:35:00,00:35:00,120,22:35:00,00:35:00,120
2024-07-11,SVUR-THL,TRL-KPD,UP,22:45:00,00:45:00,120,22:45:00,00:45:00,120
2024-07-11,PON YD,MAS-GDR,UP,23:00:00,01:00:00,120,23:00:00,01:00:00,120
2024-07-12,PEL-DVR,MAS-GDR,DN,01:00:00,04:00:00,180,01:00:00,04:00:00,180
2024-07-12,DVR-NYP,MAS-GDR,DN,12:00:00,15:00:00,180,01:30:00,04:30:00,180
2024-07-12,VGA-NG,AJJ-RU,UP,15:30:00,17:00:00,90,01:45:00,03:15:00,90
2024-07-12,MDVE-SHU,TRL-KPD,DN,01:00:00,02:50:00,110,02:00:00,03:50:00,110
2024-07-12,KPD YD,TRL-KPD,DN,10:00:00,13:00:00,180,03:30:00,06:30:00,180
2024-07-12,TUG YD,TRL-KPD,UP,21:30:00,00:00:00,150,22:30:00,01:00:00,150
2024-07-12,MDVE-CTRE,TRL-KPD,UP,16:30:00,17:20:00,50,22:30:00,23:20:00,50
2024-07-12,AJJ YD,TRL-KPD,UP,22:50:00,01:20:00,150,22:50:00,01:20:00,150
2024-07-12,SVUR-THL,TRL-KPD,UP,22:50:00,23:50:00,60,22:50:00,23:50:00,60
2024-07-12,MDVE-CTRE,TRL-KPD,UP,23:20:00,02:00:00,160,23:20:00,02:00:00,160
2024-07-12,KOK YD,MAS-GDR,UP,23:30:00,02:30:00,180,23:30:00,02:30:00,180
2024-07-13,PON YD,MAS-GDR,UP,00:40:00,02:10:00,90,00:40:00,02:10:00,90
2024-07-13,PEL-DVR,MAS-GDR,DN,01:00:00,04:00:00,180,01:00:00,04:00:00,180
2024-07-13,DVR-NYP,MAS-GDR,DN,12:00:00,15:00:00,180,01:30:00,04:30:00,180
2024-07-13,VGA-NG,AJJ-RU,UP,16:00:00,17:00:00,60,01:45:00,02:45:00,60
2024-07-13,KPD YD,TRL-KPD,DN,10:00:00,13:00:00,180,03:30:00,06:30:00,180
2024-07-13,TUG YD,TRL-KPD,UP,21:30:00,00:00:00,150,22:30:00,01:00:00,150
2024-07-13,MDVE-CTRE,TRL-KPD,UP,22:00:00,00:30:00,150,22:30:00,01:00:00,150
2024-07-14,PEL-DVR,MAS-GDR,DN,01:15:00,04:15:00,180,01:15:00,04:15:00,180
2024-07-14,DVR-NYP,MAS-GDR,DN,12:00:00,15:00:00,180,01:30:00,04:30:00,180
2024-07-14,VGA-NG,AJJ-RU,UP,15:40:00,16:40:00,60,01:45:00,02:45:00,60
2024-07-14,KPD YD,TRL-KPD,DN,10:20:00,13:10:00,170,03:40:00,06:30:00,170
2024-07-14,TUG YD,TRL-KPD,UP,11:25:00,13:55:00,150,22:30:00,01:00:00,150
2024-07-14,AJJ YD,TRL-KPD,UP,22:30:00,01:00:00,150,22:30:00,01:00:00,150
2024-07-14,MDVE-CTRE,TRL-KPD,UP,22:00:00,00:30:00,150,22:30:00,01:00:00,150
2024-07-15,PEL-DVR,MAS-GDR,DN,01:00:00,04:00:00,180,01:00:00,04:00:00,180
2024-07-15,DVR-NYP,MAS-GDR,DN,12:00:00,15:00:00,180,01:30:00,04:30:00,180
2024-07-15,VGA-NG,AJJ-RU,UP,15:20:00,16:20:00,60,01:45:00,02:45:00,60
2024-07-15,KPD YD,TRL-KPD,DN,10:55:00,13:25:00,150,04:00:00,06:30:00,150
2024-07-15,AJJ YD,TRL-KPD,UP,22:30:00,01:30:00,180,22:30:00,01:30:00,180
2024-07-15,MDVE-CTRE,TRL-KPD,UP,22:00:00,00:30:00,150,22:30:00,01:00:00,150
2024-07-15,TUG YD,TRL-KPD,UP,22:50:00,01:10:00,140,22:50:00,01:10:00,140
2024-07-16,DVR-NYP,MAS-GDR,DN,12:00:00,15:00:00,180,01:30:00,04:30:00,180
2024-07-16,PEL-DVR,MAS-GDR,DN,01:30:00,04:30:00,180,01:30:00,04:30:00,180
2024-07-16,KPD YD,TRL-KPD,DN,15:00:00,17:30:00,150,02:00:00,04:30:00,150
2024-07-16,KPD YD,TRL-KPD,DN,10:00:00,12:00:00,120,04:30:00,06:30:00,120
2024-07-16,TUG YD,TRL-KPD,UP,13:15:00,13:45:00,30,22:30:00,23:00:00,30
2024-07-16,AJJ YD,TRL-KPD,UP,22:30:00,01:30:00,180,22:30:00,01:30:00,180
2024-07-16,MDVE-CTRE,TRL-KPD,UP,22:00:00,00:30:00,150,22:30:00,01:00:00,150
2024-07-16,TUG YD,TRL-KPD,UP,23:00:00,01:10:00,130,23:00:00,01:10:00,130
2024-07-17,DVR-NYP,MAS-GDR,DN,12:00:00,15:00:00,180,01:30:00,04:30:00,180
2024-07-17,PEL-DVR,MAS-GDR,DN,11:45:00,14:45:00,180,01:30:00,04:30:00,180
2024-07-17,KPD YD,TRL-KPD,DN,10:00:00,12:30:00,150,04:00:00,06:30:00,150
2024-07-17,TUG YD,TRL-KPD,UP,15:40:00,16:10:00,30,22:30:00,23:00:00,30
2024-07-17,MDVE-CTRE,TRL-KPD,UP,22:00:00,00:30:00,150,22:30:00,01:00:00,150
2024-07-17,AJJ YD,TRL-KPD,UP,23:00:00,01:00:00,120,23:00:00,01:00:00,120
2024-07-17,TUG YD,TRL-KPD,UP,23:05:00,01:05:00,120,23:05:00,01:05:00,120
2024-07-18,DVR-NYP,MAS-GDR,DN,12:00:00,15:00:00,180,01:30:00,04:30:00,180
2024-07-18,PEL-DVR,MAS-GDR,DN,11:40:00,14:40:00,180,01:30:00,04:30:00,180
2024-07-18,KPD YD,TRL-KPD,DN,10:00:00,12:30:00,150,04:00:00,06:30:00,150
2024-07-18,TUG YD,TRL-KPD,UP,22:00:00,00:00:00,120,22:30:00,00:30:00,120
2024-07-18,MDVE-CTRE,TRL-KPD,UP,14:30:00,16:30:00,120,22:30:00,00:30:00,120
2024-07-19,TMV-MTL,MAS-GDR,DN,02:00:00,06:30:00,270,00:00:00,04:30:00,270
2024-07-19,MAS YD,MAS-GDR,UP,00:55:00,02:10:00,75,00:55:00,02:10:00,75
2024-07-19,DVR-NYP,MAS-GDR,DN,12:00:00,15:00:00,180,01:30:00,04:30:00,180
2024-07-19,PEL-DVR,MAS-GDR,DN,11:40:00,14:40:00,180,01:30:00,04:30:00,180
2024-07-19,KPD YD,TRL-KPD,DN,10:00:00,12:00:00,120,04:30:00,06:30:00,120
2024-07-19,TUG YD,TRL-KPD,UP,22:20:00,00:20:00,120,22:30:00,00:30:00,120
2024-07-19,MDVE-CTRE,TRL-KPD,UP,14:00:00,16:00:00,120,22:30:00,00:30:00,120
2024-07-20,TMV-MTL,MAS-GDR,DN,02:00:00,06:30:00,270,00:00:00,04:30:00,270
2024-07-20,DVR-NYP,MAS-GDR,DN,12:00:00,15:00:00,180,01:30:00,04:30:00,180
2024-07-20,PEL-DVR,MAS-GDR,DN,11:45:00,14:30:00,165,01:45:00,04:30:00,165
2024-07-20,KPD YD,TRL-KPD,DN,10:00:00,12:00:00,120,04:30:00,06:30:00,120
2024-07-20,TUG YD,TRL-KPD,UP,22:25:00,00:25:00,120,22:30:00,00:30:00,120
2024-07-20,MDVE-CTRE,TRL-KPD,UP,23:00:00,01:00:00,120,23:00:00,01:00:00,120
2024-07-20,KPD YD,TRL-KPD,UP,23:45:00,01:45:00,120,23:45:00,01:45:00,120
2024-07-21,TMV-MTL,MAS-GDR,DN,02:00:00,06:30:00,270,00:00:00,04:30:00,270
2024-07-21,DVR-NYP,MAS-GDR,DN,12:00:00,15:00:00,180,01:30:00,04:30:00,180
2024-07-21,PEL-DVR,MAS-GDR,DN,12:00:00,14:40:00,160,01:50:00,04:30:00,160
2024-07-21,KPD YD,TRL-KPD,DN,10:00:00,12:00:00,120,04:30:00,06:30:00,120
2024-07-21,TUG YD,TRL-KPD,UP,22:00:00,00:00:00,120,22:30:00,00:30:00,120
2024-07-21,AJJ YD,TRL-KPD,UP,22:30:00,02:00:00,210,22:30:00,02:00:00,210
2024-07-21,MDVE-CTRE,TRL-KPD,UP,23:00:00,01:00:00,120,23:00:00,01:00:00,120
2024-07-21,KPD YD,TRL-KPD,UP,23:20:00,00:50:00,90,23:20:00,00:50:00,90
2024-07-22,TMV-MTL,MAS-GDR,DN,02:00:00,06:30:00,270,00:00:00,04:30:00,270
2024-07-22,DVR-NYP,MAS-GDR,DN,12:00:00,15:00:00,180,01:30:00,04:30:00,180
2024-07-22,PEL-DVR,MAS-GDR,DN,01:45:00,04:15:00,150,01:45:00,04:15:00,150
2024-07-22,AJJ YD,TRL-KPD,UP,11:00:00,11:30:00,30,02:00:00,02:30:00,30
2024-07-22,KPD YD,TRL-KPD,DN,10:00:00,12:00:00,120,04:30:00,06:30:00,120
2024-07-22,MDVE-CTRE,TRL-KPD,UP,15:00:00,17:00:00,120,22:30:00,00:30:00,120
2024-07-22,TUG YD,TRL-KPD,UP,23:00:00,00:15:00,75,23:00:00,00:15:00,75
2024-07-22,AJJ YD,TRL-KPD,UP,23:00:00,02:00:00,180,23:00:00,02:00:00,180
2024-07-23,TMV-MTL,MAS-GDR,DN,02:00:00,06:30:00,270,00:00:00,04:30:00,270
2024-07-23,DVR-NYP,MAS-GDR,DN,12:00:00,15:00:00,180,01:30:00,04:30:00,180
2024-07-23,PEL-DVR,MAS-GDR,DN,02:00:00,04:20:00,140,02:00:00,04:20:00,140
2024-07-23,KPD YD,TRL-KPD,DN,13:00:00,15:00:00,120,04:30:00,06:30:00,120
2024-07-23,TUG YD,TRL-KPD,UP,16:15:00,17:15:00,60,22:30:00,23:30:00,60
2024-07-23,MDVE-CTRE,TRL-KPD,UP,22:15:00,00:15:00,120,22:30:00,00:30:00,120
2024-07-23,AJJ YD,TRL-KPD,UP,23:55:00,02:00:00,125,23:55:00,02:00:00,125
2024-07-24,TMV-MTL,MAS-GDR,DN,02:25:00,06:48:00,263,00:07:00,04:30:00,263
2024-07-24,PEL-DVR,MAS-GDR,DN,01:00:00,03:00:00,120,01:00:00,03:00:00,120
2024-07-24,DVR-NYP,MAS-GDR,DN,12:00:00,15:00:00,180,01:30:00,04:30:00,180
2024-07-24,PEL-DVR,MAS-GDR,DN,03:00:00,04:30:00,90,03:00:00,04:30:00,90
2024-07-24,KPD YD,TRL-KPD,DN,09:30:00,11:30:00,120,04:30:00,06:30:00,120
2024-07-24,TUG YD,TRL-KPD,UP,14:00:00,15:00:00,60,22:30:00,23:30:00,60
2024-07-24,MDVE-CTRE,TRL-KPD,UP,14:00:00,16:00:00,120,22:30:00,00:30:00,120
2024-07-25,TMV-MTL,MAS-GDR,DN,03:00:00,07:20:00,260,00:10:00,04:30:00,260
2024-07-25,AJJ YD,TRL-KPD,UP,01:46:00,03:30:00,104,00:46:00,02:30:00,104
2024-07-25,PEL-DVR,MAS-GDR,DN,01:00:00,02:30:00,90,01:00:00,02:30:00,90
2024-07-25,KPD YD,TRL-KPD,UP,10:00:00,11:00:00,60,01:30:00,02:30:00,60
2024-07-25,DVR-NYP,MAS-GDR,DN,01:40:00,04:40:00,180,01:30:00,04:30:00,180
2024-07-25,PEL-DVR,MAS-GDR,DN,12:00:00,14:00:00,120,02:30:00,04:30:00,120
2024-07-25,KPD YD,TRL-KPD,DN,14:00:00,16:00:00,120,04:30:00,06:30:00,120
2024-07-25,TUG YD,TRL-KPD,UP,15:00:00,16:00:00,60,22:30:00,23:30:00,60
2024-07-25,MDVE-CTRE,TRL-KPD,UP,14:00:00,16:00:00,120,22:30:00,00:30:00,120
2024-07-26,TMV-MTL,MAS-GDR,DN,03:00:00,07:20:00,260,00:10:00,04:30:00,260
2024-07-26,AJJ YD,TRL-KPD,UP,00:50:00,02:05:00,75,00:50:00,02:05:00,75
2024-07-26,DVR-NYP,MAS-GDR,DN,01:45:00,04:45:00,180,01:30:00,04:30:00,180
2024-07-26,KPD YD,TRL-KPD,UP,10:35:00,10:55:00,20,02:10:00,02:30:00,20
2024-07-26,PEL-DVR,MAS-GDR,DN,03:00:00,05:00:00,120,02:30:00,04:30:00,120
2024-07-26,KPD YD,TRL-KPD,DN,10:30:00,12:30:00,120,04:30:00,06:30:00,120
2024-07-26,TUG YD,TRL-KPD,UP,15:00:00,16:00:00,60,22:30:00,23:30:00,60
2024-07-26,MDVE-CTRE,TRL-KPD,UP,14:00:00,16:00:00,120,22:30:00,00:30:00,120
2024-07-27,TMV-MTL,MAS-GDR,DN,03:00:00,07:20:00,260,00:10:00,04:30:00,260
2024-07-27,AJJ YD,TRL-KPD,UP,03:15:00,04:25:00,70,01:20:00,02:30:00,70
2024-07-27,DVR-NYP,MAS-GDR,DN,12:00:00,15:00:00,180,01:30:00,04:30:00,180
2024-07-27,KPD YD,TRL-KPD,UP,10:30:00,10:50:00,20,02:10:00,02:30:00,20
2024-07-27,PEL-DVR,MAS-GDR,DN,02:55:00,04:55:00,120,02:30:00,04:30:00,120
2024-07-27,KPD YD,TRL-KPD,DN,12:15:00,14:00:00,105,04:45:00,06:30:00,105
2024-07-27,MDVE-CTRE,TRL-KPD,UP,21:35:00,23:35:00,120,22:30:00,00:30:00,120
2024-07-28,TBM YD,MAS-GDR,UP,00:00:00,02:00:00,120,00:00:00,02:00:00,120
2024-07-28,TMV-MTL,MAS-GDR,DN,03:00:00,07:20:00,260,00:10:00,04:30:00,260
2024-07-28,AJJ YD,TRL-KPD,UP,01:05:00,02:15:00,70,01:05:00,02:15:00,70
2024-07-28,DVR-NYP,MAS-GDR,DN,12:00:00,15:00:00,180,01:30:00,04:30:00,180
2024-07-28,PEL-DVR,MAS-GDR,DN,03:05:00,04:05:00,60,03:05:00,04:05:00,60
2024-07-28,KPD YD,TRL-KPD,DN,11:50:00,13:20:00,90,05:00:00,06:30:00,90
2024-07-28,MDVE-CTRE,TRL-KPD,UP,23:17:00,01:00:00,103,23:17:00,01:00:00,103
2024-07-29,TBM YD,MAS-GDR,UP,00:00:00,02:00:00,120,00:00:00,02:00:00,120
2024-07-29,TMV-MTL,MAS-GDR,DN,03:00:00,07:20:00,260,00:10:00,04:30:00,260
2024-07-29,DVR-NYP,MAS-GDR,DN,12:00:00,15:00:00,180,01:30:00,04:30:00,180
2024-07-29,KPD YD,TRL-KPD,DN,13:40:00,15:00:00,80,05:10:00,06:30:00,80
2024-07-29,MDVE-CTRE,TRL-KPD,UP,22:15:00,23:50:00,95,22:30:00,00:05:00,95
2024-07-30,TMV-MTL,MAS-GDR,DN,03:05:00,07:25:00,260,00:10:00,04:30:00,260
2024-07-30,TBM YD,MAS-GDR,UP,02:10:00,03:35:00,85,01:05:00,02:30:00,85
2024-07-30,DVR-NYP,MAS-GDR,DN,12:00:00,15:00:00,180,01:30:00,04:30:00,180
2024-07-30,KPD YD,TRL-KPD,DN,10:00:00,11:00:00,60,05:30:00,06:30:00,60
2024-07-30,MDVE-CTRE,TRL-KPD,UP,23:15:00,00:45:00,90,23:15:00,00:45:00,90
2024-07-31,TMV-MTL,MAS-GDR,DN,03:15:00,07:30:00,255,00:15:00,04:30:00,255
2024-07-31,DVR-NYP,MAS-GDR,DN,12:00:00,15:00:00,180,01:30:00,04:30:00,180
2024-07-31,KPD YD,TRL-KPD,DN,13:20:00,14:00:00,40,05:50:00,06:30:00,40
2024-07-31,MDVE-CTRE,TRL-KPD,UP,23:15:00,00:45:00,90,23:15:00,00:45:00,90
2024-08-01,TMV-MTL,MAS-GDR,DN,03:00:00,07:15:00,255,00:15:00,04:30:00,255
2024-08-01,DVR-NYP,MAS-GDR,DN,01:00:00,03:50:00,170,01:00:00,03:50:00,170
2024-08-01,KPD YD,TRL-KPD,DN,13:30:00,14:00:00,30,06:00:00,06:30:00,30
2024-08-01,MDVE-CTRE,TRL-KPD,UP,16:00:00,17:30:00,90,22:30:00,00:00:00,90
2024-08-02,TMV-MTL,MAS-GDR,DN,02:00:00,06:10:00,250,00:20:00,04:30:00,250
2024-08-02,DVR-NYP,MAS-GDR,DN,01:30:00,04:00:00,150,01:30:00,04:00:00,150
2024-08-02,KPD YD,TRL-KPD,UP,21:30:00,01:30:00,240,22:30:00,02:30:00,240
2024-08-02,MDVE-CTRE,TRL-KPD,UP,17:00:00,18:00:00,60,22:30:00,23:30:00,60
2024-08-03,TMV-MTL,MAS-GDR,DN,02:00:00,06:10:00,250,00:20:00,04:30:00,250
2024-08-03,DVR-NYP,MAS-GDR,DN,12:15:00,14:29:00,134,02:16:00,04:30:00,134
2024-08-03,KPD YD,TRL-KPD,UP,22:30:00,01:30:00,180,22:30:00,01:30:00,180
2024-08-03,MDVE-CTRE,TRL-KPD,UP,17:00:00,18:00:00,60,22:30:00,23:30:00,60
2024-08-04,TMV-MTL,MAS-GDR,DN,02:30:00,06:40:00,250,00:20:00,04:30:00,250
2024-08-04,DVR-NYP,MAS-GDR,DN,12:00:00,14:00:00,120,02:30:00,04:30:00,120
2024-08-04,KPD YD,TRL-KPD,UP,21:30:00,00:30:00,180,22:30:00,01:30:00,180
2024-08-04,MDVE-CTRE,TRL-KPD,UP,16:05:00,17:05:00,60,22:30:00,23:30:00,60
2024-08-05,TMV-MTL,MAS-GDR,DN,02:30:00,06:40:00,250,00:20:00,04:30:00,250
2024-08-05,DVR-NYP,MAS-GDR,DN,12:00:00,14:00:00,120,02:30:00,04:30:00,120
2024-08-05,KPD YD,TRL-KPD,UP,15:00:00,17:30:00,150,22:30:00,01:00:00,150
2024-08-05,MDVE-CTRE,TRL-KPD,UP,16:25:00,17:25:00,60,22:30:00,23:30:00,60
2024-08-06,TMV-MTL,MAS-GDR,DN,02:00:00,06:00:00,240,00:30:00,04:30:00,240
2024-08-06,DVR-NYP,MAS-GDR,DN,12:45:00,14:45:00,120,02:30:00,04:30:00,120
2024-08-06,KPD YD,TRL-KPD,UP,21:30:00,23:30:00,120,22:30:00,00:30:00,120
2024-08-07,TMV-MTL,MAS-GDR,DN,02:55:00,06:55:00,240,00:30:00,04:30:00,240
2024-08-07,DVR-NYP,MAS-GDR,DN,12:05:00,13:35:00,90,03:00:00,04:30:00,90
2024-08-07,KPD YD,TRL-KPD,UP,21:30:00,23:30:00,120,22:30:00,00:30:00,120
2024-08-08,TMV-MTL,MAS-GDR,DN,03:00:00,07:00:00,240,00:30:00,04:30:00,240
2024-08-08,DVR-NYP,MAS-GDR,DN,13:30:00,14:30:00,60,03:30:00,04:30:00,60
2024-08-08,KPD YD,TRL-KPD,UP,16:30:00,17:30:00,60,22:30:00,23:30:00,60
2024-08-09,TMV-MTL,MAS-GDR,DN,03:00:00,07:00:00,240,00:30:00,04:30:00,240
2024-08-09,KPD YD,TRL-KPD,UP,16:30:00,17:30:00,60,22:30:00,23:30:00,60
2024-08-10,TMV-MTL,MAS-GDR,DN,03:00:00,07:00:00,240,00:30:00,04:30:00,240
2024-08-10,KPD YD,TRL-KPD,UP,12:40:00,13:20:00,40,22:30:00,23:10:00,40
2024-08-11,TMV-MTL,MAS-GDR,DN,03:30:00,07:30:00,240,00:30:00,04:30:00,240
2024-08-11,KPD YD,TRL-KPD,UP,12:35:00,12:55:00,20,22:30:00,22:50:00,20
2024-08-12,TMV-MTL,MAS-GDR,DN,03:30:00,07:30:00,240,00:30:00,04:30:00,240
2024-08-13,TMV-MTL,MAS-GDR,DN,03:30:00,07:30:00,240,00:30:00,04:30:00,240
2024-08-14,TMV-MTL,MAS-GDR,DN,02:35:00,06:35:00,240,00:30:00,04:30:00,240
2024-08-15,TMV-MTL,MAS-GDR,DN,02:35:00,06:35:00,240,00:30:00,04:30:00,240
2024-08-16,TMV-MTL,MAS-GDR,DN,02:00:00,06:00:00,240,00:30:00,04:30:00,240
2024-08-17,TMV-MTL,MAS-GDR,DN,03:30:00,07:30:00,240,00:30:00,04:30:00,240
2024-08-18,TMV-MTL,MAS-GDR,DN,03:30:00,07:30:00,240,00:30:00,04:30:00,240
2024-08-19,TMV-MTL,MAS-GDR,DN,03:30:00,07:30:00,240,00:30:00,04:30:00,240
2024-08-20,TMV-MTL,MAS-GDR,DN,02:00:00,06:00:00,240,00:30:00,04:30:00,240
2024-08-21,TMV-MTL,MAS-GDR,DN,03:00:00,07:00:00,240,00:30:00,04:30:00,240
2024-08-22,TMV-MTL,MAS-GDR,DN,03:00:00,07:00:00,240,00:30:00,04:30:00,240
2024-08-23,TMV-MTL,MAS-GDR,DN,02:00:00,06:00:00,240,00:30:00,04:30:00,240
2024-08-24,TMV-MTL,MAS-GDR,DN,02:00:00,06:00:00,240,00:30:00,04:30:00,240
2024-08-25,TMV-MTL,MAS-GDR,DN,02:30:00,06:30:00,240,00:30:00,04:30:00,240
2024-08-26,TMV-MTL,MAS-GDR,DN,02:30:00,06:30:00,240,00:30:00,04:30:00,240
2024-08-27,TMV-MTL,MAS-GDR,DN,02:30:00,06:30:00,240,00:30:00,04:30:00,240
2024-08-28,TMV-MTL,MAS-GDR,DN,02:30:00,06:30:00,240,00:30:00,04:30:00,240
2024-08-29,TMV-MTL,MAS-GDR,DN,02:00:00,05:30:00,210,01:00:00,04:30:00,210
2024-08-30,TMV-MTL,MAS-GDR,DN,02:00:00,05:30:00,210,01:00:00,04:30:00,210
2024-08-31,TMV-MTL,MAS-GDR,DN,02:00:00,05:25:00,205,01:05:00,04:30:00,205
2024-09-01,TMV-MTL,MAS-GDR,DN,03:40:00,07:00:00,200,01:10:00,04:30:00,200
2024-09-02,TMV-MTL,MAS-GDR,DN,03:40:00,07:00:00,200,01:10:00,04:30:00,200
2024-09-03,TMV-MTL,MAS-GDR,DN,02:00:00,05:00:00,180,01:30:00,04:30:00,180
2024-09-04,TMV-MTL,MAS-GDR,DN,02:00:00,05:00:00,180,01:30:00,04:30:00,180
2024-09-05,TMV-MTL,MAS-GDR,DN,02:00:00,05:00:00,180,01:30:00,04:30:00,180
2024-09-06,TMV-MTL,MAS-GDR,DN,02:00:00,05:00:00,180,01:30:00,04:30:00,180
2024-09-07,TMV-MTL,MAS-GDR,DN,02:55:00,05:55:00,180,01:30:00,04:30:00,180
2024-09-08,TMV-MTL,MAS-GDR,DN,02:55:00,05:55:00,180,01:30:00,04:30:00,180
2024-09-09,TMV-MTL,MAS-GDR,DN,02:00:00,05:00:00,180,01:30:00,04:30:00,180
2024-09-10,TMV-MTL,MAS-GDR,DN,02:00:00,05:00:00,180,01:30:00,04:30:00,180
2024-09-11,TMV-MTL,MAS-GDR,DN,02:05:00,05:05:00,180,01:30:00,04:30:00,180
2024-09-12,TMV-MTL,MAS-GDR,DN,02:05:00,05:05:00,180,01:30:00,04:30:00,180
2024-09-13,TMV-MTL,MAS-GDR,DN,02:00:00,05:00:00,180,01:30:00,04:30:00,180
2024-09-14,TMV-MTL,MAS-GDR,DN,02:00:00,05:00:00,180,01:30:00,04:30:00,180
2024-09-15,TMV-MTL,MAS-GDR,DN,12:30:00,15:15:00,165,01:45:00,04:30:00,165
2024-09-16,TMV-MTL,MAS-GDR,DN,12:30:00,15:15:00,165,01:45:00,04:30:00,165
2024-09-17,TMV-MTL,MAS-GDR,DN,03:00:00,05:45:00,165,01:45:00,04:30:00,165
2024-09-18,TMV-MTL,MAS-GDR,DN,03:00:00,05:45:00,165,01:45:00,04:30:00,165
2024-09-19,TMV-MTL,MAS-GDR,DN,12:40:00,15:25:00,165,01:45:00,04:30:00,165
2024-09-20,TMV-MTL,MAS-GDR,DN,03:15:00,06:00:00,165,01:45:00,04:30:00,165
2024-09-21,TMV-MTL,MAS-GDR,DN,03:15:00,06:00:00,165,01:45:00,04:30:00,165
2024-09-22,TMV-MTL,MAS-GDR,DN,03:30:00,06:00:00,150,02:00:00,04:30:00,150
2024-09-23,TMV-MTL,MAS-GDR,DN,03:30:00,06:00:00,150,02:00:00,04:30:00,150
2024-09-24,TMV-MTL,MAS-GDR,DN,12:40:00,15:10:00,150,02:00:00,04:30:00,150
2024-09-25,TMV-MTL,MAS-GDR,DN,12:40:00,15:10:00,150,02:00:00,04:30:00,150
2024-09-26,TMV-MTL,MAS-GDR,DN,12:40:00,15:10:00,150,02:00:00,04:30:00,150
2024-09-27,TMV-MTL,MAS-GDR,DN,04:50:00,07:00:00,130,02:20:00,04:30:00,130
2024-09-28,TMV-MTL,MAS-GDR,DN,04:50:00,07:00:00,130,02:20:00,04:30:00,130
2024-09-29,TMV-MTL,MAS-GDR,DN,02:00:00,04:02:00,122,02:00:00,04:02:00,122
2024-09-30,TMV-MTL,MAS-GDR,DN,02:00:00,04:00:00,120,02:00:00,04:00:00,120
2024-10-01,TMV-MTL,MAS-GDR,DN,03:50:00,05:50:00,120,02:30:00,04:30:00,120
2024-10-02,TMV-MTL,MAS-GDR,DN,12:20:00,14:20:00,120,02:30:00,04:30:00,120
2024-10-03,TMV-MTL,MAS-GDR,DN,03:00:00,05:00:00,120,02:30:00,04:30:00,120
2024-10-04,TMV-MTL,MAS-GDR,DN,03:00:00,05:00:00,120,02:30:00,04:30:00,120
2024-10-05,TMV-MTL,MAS-GDR,DN,03:20:00,05:20:00,120,02:30:00,04:30:00,120
2024-10-06,TMV-MTL,MAS-GDR,DN,02:00:00,04:00:00,120,02:00:00,04:00:00,120
2024-10-07,TMV-MTL,MAS-GDR,DN,02:00:00,04:00:00,120,02:00:00,04:00:00,120
2024-10-08,TMV-MTL,MAS-GDR,DN,13:00:00,15:00:00,120,02:30:00,04:30:00,120
2024-10-09,TMV-MTL,MAS-GDR,DN,04:20:00,06:20:00,120,02:30:00,04:30:00,120
2024-10-10,TMV-MTL,MAS-GDR,DN,04:20:00,06:20:00,120,02:30:00,04:30:00,120
2024-10-11,TMV-MTL,MAS-GDR,DN,02:05:00,04:05:00,120,02:05:00,04:05:00,120
2024-10-12,TMV-MTL,MAS-GDR,DN,02:05:00,04:05:00,120,02:05:00,04:05:00,120
2024-10-13,TMV-MTL,MAS-GDR,DN,03:30:00,05:15:00,105,02:45:00,04:30:00,105
2024-10-14,TMV-MTL,MAS-GDR,DN,07:45:00,08:35:00,50,03:40:00,04:30:00,50
